"RelativePath","Bytes"
".dart_tool/flutter_build/34b3f4f9be8ec50bd3dfbdeec3d5d068/_composite.stamp","26"
".dart_tool/flutter_build/34b3f4f9be8ec50bd3dfbdeec3d5d068/.filecache","125659"
".dart_tool/flutter_build/34b3f4f9be8ec50bd3dfbdeec3d5d068/android_aot_bundle_profile_android-arm.stamp","288"
".dart_tool/flutter_build/34b3f4f9be8ec50bd3dfbdeec3d5d068/android_aot_bundle_profile_android-arm64.stamp","284"
".dart_tool/flutter_build/34b3f4f9be8ec50bd3dfbdeec3d5d068/android_aot_bundle_profile_android-x64.stamp","278"
".dart_tool/flutter_build/34b3f4f9be8ec50bd3dfbdeec3d5d068/android_aot_profile_android-arm.stamp","591"
".dart_tool/flutter_build/34b3f4f9be8ec50bd3dfbdeec3d5d068/android_aot_profile_android-arm64.stamp","589"
".dart_tool/flutter_build/34b3f4f9be8ec50bd3dfbdeec3d5d068/android_aot_profile_android-x64.stamp","586"
".dart_tool/flutter_build/34b3f4f9be8ec50bd3dfbdeec3d5d068/aot_android_asset_bundle.stamp","4159"
".dart_tool/flutter_build/34b3f4f9be8ec50bd3dfbdeec3d5d068/app.dill","25979744"
".dart_tool/flutter_build/34b3f4f9be8ec50bd3dfbdeec3d5d068/arm64-v8a/app.so","7647880"
".dart_tool/flutter_build/34b3f4f9be8ec50bd3dfbdeec3d5d068/armeabi-v7a/app.so","7807272"
".dart_tool/flutter_build/34b3f4f9be8ec50bd3dfbdeec3d5d068/build_hooks_result.json","2"
".dart_tool/flutter_build/34b3f4f9be8ec50bd3dfbdeec3d5d068/build_hooks.d","145"
".dart_tool/flutter_build/34b3f4f9be8ec50bd3dfbdeec3d5d068/build_hooks.stamp","518"
".dart_tool/flutter_build/34b3f4f9be8ec50bd3dfbdeec3d5d068/flutter_android_aot_bundle_profile_android-arm.d","2"
".dart_tool/flutter_build/34b3f4f9be8ec50bd3dfbdeec3d5d068/flutter_android_aot_bundle_profile_android-arm64.d","2"
".dart_tool/flutter_build/34b3f4f9be8ec50bd3dfbdeec3d5d068/flutter_android_aot_bundle_profile_android-x64.d","2"
".dart_tool/flutter_build/34b3f4f9be8ec50bd3dfbdeec3d5d068/flutter_android_aot_profile_android-arm.d","2"
".dart_tool/flutter_build/34b3f4f9be8ec50bd3dfbdeec3d5d068/flutter_android_aot_profile_android-arm64.d","2"
".dart_tool/flutter_build/34b3f4f9be8ec50bd3dfbdeec3d5d068/flutter_android_aot_profile_android-x64.d","2"
".dart_tool/flutter_build/34b3f4f9be8ec50bd3dfbdeec3d5d068/flutter_assets.d","3560"
".dart_tool/flutter_build/34b3f4f9be8ec50bd3dfbdeec3d5d068/gen_dart_plugin_registrant.stamp","116"
".dart_tool/flutter_build/34b3f4f9be8ec50bd3dfbdeec3d5d068/gen_localizations.stamp","26"
".dart_tool/flutter_build/34b3f4f9be8ec50bd3dfbdeec3d5d068/install_code_assets.d","140"
".dart_tool/flutter_build/34b3f4f9be8ec50bd3dfbdeec3d5d068/install_code_assets.stamp","651"
".dart_tool/flutter_build/34b3f4f9be8ec50bd3dfbdeec3d5d068/kernel_snapshot_program.d","76380"
".dart_tool/flutter_build/34b3f4f9be8ec50bd3dfbdeec3d5d068/kernel_snapshot_program.stamp","78673"
".dart_tool/flutter_build/34b3f4f9be8ec50bd3dfbdeec3d5d068/link_hooks_result.json","137"
".dart_tool/flutter_build/34b3f4f9be8ec50bd3dfbdeec3d5d068/link_hooks.d","144"
".dart_tool/flutter_build/34b3f4f9be8ec50bd3dfbdeec3d5d068/link_hooks.stamp","593"
".dart_tool/flutter_build/34b3f4f9be8ec50bd3dfbdeec3d5d068/native_assets.json","45"
".dart_tool/flutter_build/34b3f4f9be8ec50bd3dfbdeec3d5d068/outputs.json","1366"
".dart_tool/flutter_build/34b3f4f9be8ec50bd3dfbdeec3d5d068/recorded_uses.json","2"
".dart_tool/flutter_build/34b3f4f9be8ec50bd3dfbdeec3d5d068/x86_64/app.so","7783968"
".dart_tool/flutter_build/36cec7b8aca67a41c78ad66d88aaacc2/_composite.stamp","26"
".dart_tool/flutter_build/36cec7b8aca67a41c78ad66d88aaacc2/.filecache","125659"
".dart_tool/flutter_build/36cec7b8aca67a41c78ad66d88aaacc2/android_aot_bundle_release_android-arm.stamp","288"
".dart_tool/flutter_build/36cec7b8aca67a41c78ad66d88aaacc2/android_aot_bundle_release_android-arm64.stamp","284"
".dart_tool/flutter_build/36cec7b8aca67a41c78ad66d88aaacc2/android_aot_bundle_release_android-x64.stamp","278"
".dart_tool/flutter_build/36cec7b8aca67a41c78ad66d88aaacc2/android_aot_release_android-arm.stamp","591"
".dart_tool/flutter_build/36cec7b8aca67a41c78ad66d88aaacc2/android_aot_release_android-arm64.stamp","589"
".dart_tool/flutter_build/36cec7b8aca67a41c78ad66d88aaacc2/android_aot_release_android-x64.stamp","586"
".dart_tool/flutter_build/36cec7b8aca67a41c78ad66d88aaacc2/aot_android_asset_bundle.stamp","4159"
".dart_tool/flutter_build/36cec7b8aca67a41c78ad66d88aaacc2/app.dill","24216968"
".dart_tool/flutter_build/36cec7b8aca67a41c78ad66d88aaacc2/arm64-v8a/app.so","4618824"
".dart_tool/flutter_build/36cec7b8aca67a41c78ad66d88aaacc2/armeabi-v7a/app.so","4741260"
".dart_tool/flutter_build/36cec7b8aca67a41c78ad66d88aaacc2/build_hooks_result.json","2"
".dart_tool/flutter_build/36cec7b8aca67a41c78ad66d88aaacc2/build_hooks.d","145"
".dart_tool/flutter_build/36cec7b8aca67a41c78ad66d88aaacc2/build_hooks.stamp","518"
".dart_tool/flutter_build/36cec7b8aca67a41c78ad66d88aaacc2/flutter_android_aot_bundle_release_android-arm.d","2"
".dart_tool/flutter_build/36cec7b8aca67a41c78ad66d88aaacc2/flutter_android_aot_bundle_release_android-arm64.d","2"
".dart_tool/flutter_build/36cec7b8aca67a41c78ad66d88aaacc2/flutter_android_aot_bundle_release_android-x64.d","2"
".dart_tool/flutter_build/36cec7b8aca67a41c78ad66d88aaacc2/flutter_android_aot_release_android-arm.d","2"
".dart_tool/flutter_build/36cec7b8aca67a41c78ad66d88aaacc2/flutter_android_aot_release_android-arm64.d","2"
".dart_tool/flutter_build/36cec7b8aca67a41c78ad66d88aaacc2/flutter_android_aot_release_android-x64.d","2"
".dart_tool/flutter_build/36cec7b8aca67a41c78ad66d88aaacc2/flutter_assets.d","3560"
".dart_tool/flutter_build/36cec7b8aca67a41c78ad66d88aaacc2/gen_dart_plugin_registrant.stamp","116"
".dart_tool/flutter_build/36cec7b8aca67a41c78ad66d88aaacc2/gen_localizations.stamp","26"
".dart_tool/flutter_build/36cec7b8aca67a41c78ad66d88aaacc2/install_code_assets.d","140"
".dart_tool/flutter_build/36cec7b8aca67a41c78ad66d88aaacc2/install_code_assets.stamp","651"
".dart_tool/flutter_build/36cec7b8aca67a41c78ad66d88aaacc2/kernel_snapshot_program.d","76380"
".dart_tool/flutter_build/36cec7b8aca67a41c78ad66d88aaacc2/kernel_snapshot_program.stamp","78673"
".dart_tool/flutter_build/36cec7b8aca67a41c78ad66d88aaacc2/link_hooks_result.json","137"
".dart_tool/flutter_build/36cec7b8aca67a41c78ad66d88aaacc2/link_hooks.d","144"
".dart_tool/flutter_build/36cec7b8aca67a41c78ad66d88aaacc2/link_hooks.stamp","593"
".dart_tool/flutter_build/36cec7b8aca67a41c78ad66d88aaacc2/native_assets.json","45"
".dart_tool/flutter_build/36cec7b8aca67a41c78ad66d88aaacc2/outputs.json","1366"
".dart_tool/flutter_build/36cec7b8aca67a41c78ad66d88aaacc2/recorded_uses.json","2"
".dart_tool/flutter_build/36cec7b8aca67a41c78ad66d88aaacc2/x86_64/app.so","4684912"
".dart_tool/flutter_build/69ccd9998f4424f78402ccfb13ed1ecc/.filecache","124963"
".dart_tool/flutter_build/69ccd9998f4424f78402ccfb13ed1ecc/app.dill","44131504"
".dart_tool/flutter_build/69ccd9998f4424f78402ccfb13ed1ecc/build_hooks_result.json","2"
".dart_tool/flutter_build/69ccd9998f4424f78402ccfb13ed1ecc/build_hooks.d","145"
".dart_tool/flutter_build/69ccd9998f4424f78402ccfb13ed1ecc/build_hooks.stamp","518"
".dart_tool/flutter_build/69ccd9998f4424f78402ccfb13ed1ecc/debug_android_application.stamp","4680"
".dart_tool/flutter_build/69ccd9998f4424f78402ccfb13ed1ecc/flutter_assets.d","3546"
".dart_tool/flutter_build/69ccd9998f4424f78402ccfb13ed1ecc/gen_dart_plugin_registrant.stamp","116"
".dart_tool/flutter_build/69ccd9998f4424f78402ccfb13ed1ecc/gen_localizations.stamp","26"
".dart_tool/flutter_build/69ccd9998f4424f78402ccfb13ed1ecc/install_code_assets.d","140"
".dart_tool/flutter_build/69ccd9998f4424f78402ccfb13ed1ecc/install_code_assets.stamp","651"
".dart_tool/flutter_build/69ccd9998f4424f78402ccfb13ed1ecc/kernel_snapshot_program.d","76380"
".dart_tool/flutter_build/69ccd9998f4424f78402ccfb13ed1ecc/kernel_snapshot_program.stamp","78673"
".dart_tool/flutter_build/69ccd9998f4424f78402ccfb13ed1ecc/link_hooks_result.json","137"
".dart_tool/flutter_build/69ccd9998f4424f78402ccfb13ed1ecc/link_hooks.d","144"
".dart_tool/flutter_build/69ccd9998f4424f78402ccfb13ed1ecc/link_hooks.stamp","593"
".dart_tool/flutter_build/69ccd9998f4424f78402ccfb13ed1ecc/native_assets.json","45"
".dart_tool/flutter_build/69ccd9998f4424f78402ccfb13ed1ecc/outputs.json","1396"
".dart_tool/flutter_build/69ccd9998f4424f78402ccfb13ed1ecc/recorded_uses.json","2"
".dart_tool/package_config.json","5177"
".dart_tool/package_graph.json","3821"
".dart_tool/version","6"
".gitignore","794"
".idea/libraries/Dart_SDK.xml","1146"
".idea/libraries/KotlinJavaRuntime.xml","614"
".idea/modules.xml","385"
".idea/runConfigurations/main_dart.xml","276"
".idea/workspace.xml","1553"
".metadata","968"
"analysis_options.yaml","187"
"android/.gitignore","267"
"android/.gradle/9.3.1/checksums/checksums.lock","17"
"android/.gradle/9.3.1/checksums/md5-checksums.bin","38247"
"android/.gradle/9.3.1/checksums/sha1-checksums.bin","90689"
"android/.gradle/9.3.1/executionHistory/executionHistory.bin","2371137"
"android/.gradle/9.3.1/executionHistory/executionHistory.lock","17"
"android/.gradle/9.3.1/fileChanges/last-build.bin","1"
"android/.gradle/9.3.1/fileHashes/fileHashes.bin","250819"
"android/.gradle/9.3.1/fileHashes/fileHashes.lock","17"
"android/.gradle/9.3.1/fileHashes/resourceHashesCache.bin","20231"
"android/.gradle/9.3.1/gc.properties","0"
"android/.gradle/buildOutputCleanup/buildOutputCleanup.lock","17"
"android/.gradle/buildOutputCleanup/cache.properties","59"
"android/.gradle/buildOutputCleanup/outputFiles.bin","55499"
"android/.gradle/file-system.probe","8"
"android/.gradle/kotlin/errors/errors-1791146990408.log","83"
"android/.gradle/kotlin/errors/errors-1791148268645.log","83"
"android/.gradle/kotlin/errors/errors-1791148296854.log","83"
"android/.gradle/noVersion/buildLogic.lock","17"
"android/.gradle/vcs-1/gc.properties","0"
"android/.kotlin/errors/errors-1791146990408.log","83"
"android/.kotlin/errors/errors-1791148268645.log","83"
"android/.kotlin/errors/errors-1791148296854.log","83"
"android/app/build.gradle.kts","1789"
"android/app/src/debug/AndroidManifest.xml","385"
"android/app/src/main/AndroidManifest.xml","2241"
"android/app/src/main/java/io/flutter/plugins/GeneratedPluginRegistrant.java","516"
"android/app/src/main/kotlin/dev/rex/spike/pbt08/MainActivity.kt","126"
"android/app/src/main/res/drawable-v21/launch_background.xml","450"
"android/app/src/main/res/drawable/launch_background.xml","446"
"android/app/src/main/res/mipmap-hdpi/ic_launcher.png","544"
"android/app/src/main/res/mipmap-mdpi/ic_launcher.png","442"
"android/app/src/main/res/mipmap-xhdpi/ic_launcher.png","721"
"android/app/src/main/res/mipmap-xxhdpi/ic_launcher.png","1031"
"android/app/src/main/res/mipmap-xxxhdpi/ic_launcher.png","1443"
"android/app/src/main/res/values-night/styles.xml","1013"
"android/app/src/main/res/values/styles.xml","1014"
"android/app/src/profile/AndroidManifest.xml","385"
"android/build.gradle.kts","561"
"android/gradle.properties","306"
"android/gradle/wrapper/gradle-wrapper.jar","53636"
"android/gradle/wrapper/gradle-wrapper.properties","207"
"android/gradlew","4971"
"android/gradlew.bat","2404"
"android/local.properties","175"
"android/pbt08_android.iml","1630"
"android/settings.gradle.kts","796"
"build/app/deeplink.json","85"
"build/app/generated/jniLibs/copyJniLibsflutterBuildProfile/arm64-v8a/libapp.so","7647880"
"build/app/generated/jniLibs/copyJniLibsflutterBuildProfile/armeabi-v7a/libapp.so","7807272"
"build/app/generated/jniLibs/copyJniLibsflutterBuildProfile/x86_64/libapp.so","7783968"
"build/app/generated/jniLibs/copyJniLibsflutterBuildRelease/arm64-v8a/libapp.so","4618824"
"build/app/generated/jniLibs/copyJniLibsflutterBuildRelease/armeabi-v7a/libapp.so","4741260"
"build/app/generated/jniLibs/copyJniLibsflutterBuildRelease/x86_64/libapp.so","4684912"
"build/app/intermediates/aapt_proguard_file/release/processReleaseResources/aapt_rules.txt","315"
"build/app/intermediates/android_res_source_set_path_map/debug/mapDebugSourceSetPaths/file-map.txt","990"
"build/app/intermediates/android_res_source_set_path_map/profile/mapProfileSourceSetPaths/file-map.txt","1016"
"build/app/intermediates/android_res_source_set_path_map/release/mapReleaseSourceSetPaths/file-map.txt","1187"
"build/app/intermediates/annotation_processor_list/debug/javaPreCompileDebug/annotationProcessors.json","2"
"build/app/intermediates/annotation_processor_list/profile/javaPreCompileProfile/annotationProcessors.json","2"
"build/app/intermediates/annotation_processor_list/release/javaPreCompileRelease/annotationProcessors.json","2"
"build/app/intermediates/apk_ide_redirect_file/debug/createDebugApkListingFileRedirect/redirect.txt","83"
"build/app/intermediates/apk_ide_redirect_file/profile/createProfileApkListingFileRedirect/redirect.txt","85"
"build/app/intermediates/apk_ide_redirect_file/release/createReleaseApkListingFileRedirect/redirect.txt","85"
"build/app/intermediates/app_metadata/debug/writeDebugAppMetadata/app-metadata.properties","56"
"build/app/intermediates/app_metadata/profile/writeProfileAppMetadata/app-metadata.properties","56"
"build/app/intermediates/app_metadata/release/writeReleaseAppMetadata/app-metadata.properties","56"
"build/app/intermediates/assets/debug/mergeDebugAssets/flutter_assets/AssetManifest.bin","2"
"build/app/intermediates/assets/debug/mergeDebugAssets/flutter_assets/FontManifest.json","82"
"build/app/intermediates/assets/debug/mergeDebugAssets/flutter_assets/fonts/MaterialIcons-Regular.otf","1645184"
"build/app/intermediates/assets/debug/mergeDebugAssets/flutter_assets/isolate_snapshot_data","11647016"
"build/app/intermediates/assets/debug/mergeDebugAssets/flutter_assets/kernel_blob.bin","44131504"
"build/app/intermediates/assets/debug/mergeDebugAssets/flutter_assets/NativeAssetsManifest.json","45"
"build/app/intermediates/assets/debug/mergeDebugAssets/flutter_assets/NOTICES.Z","98082"
"build/app/intermediates/assets/debug/mergeDebugAssets/flutter_assets/shaders/ink_sparkle.frag","21856"
"build/app/intermediates/assets/debug/mergeDebugAssets/flutter_assets/shaders/stretch_effect.frag","17616"
"build/app/intermediates/assets/debug/mergeDebugAssets/flutter_assets/vm_snapshot_data","0"
"build/app/intermediates/assets/profile/mergeProfileAssets/flutter_assets/AssetManifest.bin","2"
"build/app/intermediates/assets/profile/mergeProfileAssets/flutter_assets/FontManifest.json","82"
"build/app/intermediates/assets/profile/mergeProfileAssets/flutter_assets/fonts/MaterialIcons-Regular.otf","1664"
"build/app/intermediates/assets/profile/mergeProfileAssets/flutter_assets/NativeAssetsManifest.json","45"
"build/app/intermediates/assets/profile/mergeProfileAssets/flutter_assets/NOTICES.Z","98082"
"build/app/intermediates/assets/profile/mergeProfileAssets/flutter_assets/shaders/ink_sparkle.frag","21856"
"build/app/intermediates/assets/profile/mergeProfileAssets/flutter_assets/shaders/stretch_effect.frag","17616"
"build/app/intermediates/assets/release/mergeReleaseAssets/flutter_assets/AssetManifest.bin","2"
"build/app/intermediates/assets/release/mergeReleaseAssets/flutter_assets/FontManifest.json","82"
"build/app/intermediates/assets/release/mergeReleaseAssets/flutter_assets/fonts/MaterialIcons-Regular.otf","1664"
"build/app/intermediates/assets/release/mergeReleaseAssets/flutter_assets/NativeAssetsManifest.json","45"
"build/app/intermediates/assets/release/mergeReleaseAssets/flutter_assets/NOTICES.Z","98082"
"build/app/intermediates/assets/release/mergeReleaseAssets/flutter_assets/shaders/ink_sparkle.frag","21856"
"build/app/intermediates/assets/release/mergeReleaseAssets/flutter_assets/shaders/stretch_effect.frag","17616"
"build/app/intermediates/binary_art_profile_metadata/release/compileReleaseArtProfile/baseline.profm","71"
"build/app/intermediates/binary_art_profile/release/compileReleaseArtProfile/baseline.prof","226"
"build/app/intermediates/combined_art_profile/release/compileReleaseArtProfile/baseline-prof.txt","2096"
"build/app/intermediates/compatible_screen_manifest/debug/createDebugCompatibleScreenManifests/output-metadata.json","195"
"build/app/intermediates/compatible_screen_manifest/profile/createProfileCompatibleScreenManifests/output-metadata.json","197"
"build/app/intermediates/compatible_screen_manifest/release/createReleaseCompatibleScreenManifests/output-metadata.json","197"
"build/app/intermediates/compile_and_runtime_r_class_jar/debug/processDebugResources/R.jar","66663"
"build/app/intermediates/compile_and_runtime_r_class_jar/profile/processProfileResources/R.jar","66663"
"build/app/intermediates/compile_and_runtime_r_class_jar/release/processReleaseResources/R.jar","66663"
"build/app/intermediates/compile_r_class_jar/debug/generateDebugRFile/R.jar","1733"
"build/app/intermediates/compile_r_class_jar/profile/generateProfileRFile/R.jar","1733"
"build/app/intermediates/compile_r_class_jar/release/generateReleaseRFile/R.jar","1733"
"build/app/intermediates/compile_symbol_list/debug/generateDebugRFile/R.txt","114"
"build/app/intermediates/compile_symbol_list/profile/generateProfileRFile/R.txt","114"
"build/app/intermediates/compile_symbol_list/release/generateReleaseRFile/R.txt","114"
"build/app/intermediates/compressed_assets/debug/compressDebugAssets/out/assets/flutter_assets/AssetManifest.bin.jar","180"
"build/app/intermediates/compressed_assets/debug/compressDebugAssets/out/assets/flutter_assets/FontManifest.json.jar","245"
"build/app/intermediates/compressed_assets/debug/compressDebugAssets/out/assets/flutter_assets/fonts/MaterialIcons-Regular.otf.jar","593250"
"build/app/intermediates/compressed_assets/debug/compressDebugAssets/out/assets/flutter_assets/isolate_snapshot_data.jar","4405932"
"build/app/intermediates/compressed_assets/debug/compressDebugAssets/out/assets/flutter_assets/kernel_blob.bin.jar","14977453"
"build/app/intermediates/compressed_assets/debug/compressDebugAssets/out/assets/flutter_assets/NativeAssetsManifest.json.jar","239"
"build/app/intermediates/compressed_assets/debug/compressDebugAssets/out/assets/flutter_assets/NOTICES.Z.jar","96403"
"build/app/intermediates/compressed_assets/debug/compressDebugAssets/out/assets/flutter_assets/shaders/ink_sparkle.frag.jar","6373"
"build/app/intermediates/compressed_assets/debug/compressDebugAssets/out/assets/flutter_assets/shaders/stretch_effect.frag.jar","4451"
"build/app/intermediates/compressed_assets/debug/compressDebugAssets/out/assets/flutter_assets/vm_snapshot_data.jar","176"
"build/app/intermediates/compressed_assets/profile/compressProfileAssets/out/assets/flutter_assets/AssetManifest.bin.jar","180"
"build/app/intermediates/compressed_assets/profile/compressProfileAssets/out/assets/flutter_assets/FontManifest.json.jar","245"
"build/app/intermediates/compressed_assets/profile/compressProfileAssets/out/assets/flutter_assets/fonts/MaterialIcons-Regular.otf.jar","1273"
"build/app/intermediates/compressed_assets/profile/compressProfileAssets/out/assets/flutter_assets/NativeAssetsManifest.json.jar","239"
"build/app/intermediates/compressed_assets/profile/compressProfileAssets/out/assets/flutter_assets/NOTICES.Z.jar","96403"
"build/app/intermediates/compressed_assets/profile/compressProfileAssets/out/assets/flutter_assets/shaders/ink_sparkle.frag.jar","6373"
"build/app/intermediates/compressed_assets/profile/compressProfileAssets/out/assets/flutter_assets/shaders/stretch_effect.frag.jar","4451"
"build/app/intermediates/compressed_assets/release/compressReleaseAssets/out/assets/flutter_assets/AssetManifest.bin.jar","180"
"build/app/intermediates/compressed_assets/release/compressReleaseAssets/out/assets/flutter_assets/FontManifest.json.jar","245"
"build/app/intermediates/compressed_assets/release/compressReleaseAssets/out/assets/flutter_assets/fonts/MaterialIcons-Regular.otf.jar","1250"
"build/app/intermediates/compressed_assets/release/compressReleaseAssets/out/assets/flutter_assets/NativeAssetsManifest.json.jar","239"
"build/app/intermediates/compressed_assets/release/compressReleaseAssets/out/assets/flutter_assets/NOTICES.Z.jar","96366"
"build/app/intermediates/compressed_assets/release/compressReleaseAssets/out/assets/flutter_assets/shaders/ink_sparkle.frag.jar","5465"
"build/app/intermediates/compressed_assets/release/compressReleaseAssets/out/assets/flutter_assets/shaders/stretch_effect.frag.jar","3699"
"build/app/intermediates/default_proguard_files/global/proguard-android-optimize.txt-9.1.0","3201"
"build/app/intermediates/default_proguard_files/global/proguard-android.txt-9.1.0","3463"
"build/app/intermediates/desugar_graph/debug/dexBuilderDebug/out/currentProject/dirs_bucket_0/graph.bin","235"
"build/app/intermediates/desugar_graph/debug/dexBuilderDebug/out/currentProject/dirs_bucket_1/graph.bin","235"
"build/app/intermediates/desugar_graph/debug/dexBuilderDebug/out/currentProject/dirs_bucket_2/graph.bin","235"
"build/app/intermediates/desugar_graph/debug/dexBuilderDebug/out/currentProject/dirs_bucket_3/graph.bin","235"
"build/app/intermediates/desugar_graph/debug/dexBuilderDebug/out/currentProject/dirs_bucket_4/graph.bin","235"
"build/app/intermediates/desugar_graph/debug/dexBuilderDebug/out/currentProject/dirs_bucket_5/graph.bin","235"
"build/app/intermediates/desugar_graph/debug/dexBuilderDebug/out/currentProject/jar_2310fd99086beda55a53a208492ad9cee403cbbb323e7bf9212cfa48c461f06c_bucket_0/graph.bin","235"
"build/app/intermediates/desugar_graph/debug/dexBuilderDebug/out/currentProject/jar_2310fd99086beda55a53a208492ad9cee403cbbb323e7bf9212cfa48c461f06c_bucket_1/graph.bin","235"
"build/app/intermediates/desugar_graph/debug/dexBuilderDebug/out/currentProject/jar_2310fd99086beda55a53a208492ad9cee403cbbb323e7bf9212cfa48c461f06c_bucket_2/graph.bin","235"
"build/app/intermediates/desugar_graph/debug/dexBuilderDebug/out/currentProject/jar_2310fd99086beda55a53a208492ad9cee403cbbb323e7bf9212cfa48c461f06c_bucket_3/graph.bin","235"
"build/app/intermediates/desugar_graph/debug/dexBuilderDebug/out/currentProject/jar_2310fd99086beda55a53a208492ad9cee403cbbb323e7bf9212cfa48c461f06c_bucket_4/graph.bin","235"
"build/app/intermediates/desugar_graph/debug/dexBuilderDebug/out/currentProject/jar_2310fd99086beda55a53a208492ad9cee403cbbb323e7bf9212cfa48c461f06c_bucket_5/graph.bin","235"
"build/app/intermediates/desugar_graph/debug/dexBuilderDebug/out/externalLibs/dirs_bucket_0/graph.bin","235"
"build/app/intermediates/desugar_graph/debug/dexBuilderDebug/out/externalLibs/dirs_bucket_1/graph.bin","235"
"build/app/intermediates/desugar_graph/debug/dexBuilderDebug/out/externalLibs/dirs_bucket_2/graph.bin","235"
"build/app/intermediates/desugar_graph/debug/dexBuilderDebug/out/externalLibs/dirs_bucket_3/graph.bin","235"
"build/app/intermediates/desugar_graph/debug/dexBuilderDebug/out/externalLibs/dirs_bucket_4/graph.bin","235"
"build/app/intermediates/desugar_graph/debug/dexBuilderDebug/out/externalLibs/dirs_bucket_5/graph.bin","235"
"build/app/intermediates/desugar_graph/debug/dexBuilderDebug/out/mixedScopes/dirs_bucket_0/graph.bin","235"
"build/app/intermediates/desugar_graph/debug/dexBuilderDebug/out/mixedScopes/dirs_bucket_1/graph.bin","235"
"build/app/intermediates/desugar_graph/debug/dexBuilderDebug/out/mixedScopes/dirs_bucket_2/graph.bin","235"
"build/app/intermediates/desugar_graph/debug/dexBuilderDebug/out/mixedScopes/dirs_bucket_3/graph.bin","235"
"build/app/intermediates/desugar_graph/debug/dexBuilderDebug/out/mixedScopes/dirs_bucket_4/graph.bin","235"
"build/app/intermediates/desugar_graph/debug/dexBuilderDebug/out/mixedScopes/dirs_bucket_5/graph.bin","235"
"build/app/intermediates/desugar_graph/debug/dexBuilderDebug/out/otherProjects/dirs_bucket_0/graph.bin","235"
"build/app/intermediates/desugar_graph/debug/dexBuilderDebug/out/otherProjects/dirs_bucket_1/graph.bin","235"
"build/app/intermediates/desugar_graph/debug/dexBuilderDebug/out/otherProjects/dirs_bucket_2/graph.bin","235"
"build/app/intermediates/desugar_graph/debug/dexBuilderDebug/out/otherProjects/dirs_bucket_3/graph.bin","235"
"build/app/intermediates/desugar_graph/debug/dexBuilderDebug/out/otherProjects/dirs_bucket_4/graph.bin","235"
"build/app/intermediates/desugar_graph/debug/dexBuilderDebug/out/otherProjects/dirs_bucket_5/graph.bin","235"
"build/app/intermediates/desugar_graph/profile/dexBuilderProfile/out/currentProject/dirs_bucket_0/graph.bin","235"
"build/app/intermediates/desugar_graph/profile/dexBuilderProfile/out/currentProject/dirs_bucket_1/graph.bin","235"
"build/app/intermediates/desugar_graph/profile/dexBuilderProfile/out/currentProject/dirs_bucket_2/graph.bin","235"
"build/app/intermediates/desugar_graph/profile/dexBuilderProfile/out/currentProject/dirs_bucket_3/graph.bin","235"
"build/app/intermediates/desugar_graph/profile/dexBuilderProfile/out/currentProject/dirs_bucket_4/graph.bin","235"
"build/app/intermediates/desugar_graph/profile/dexBuilderProfile/out/currentProject/dirs_bucket_5/graph.bin","235"
"build/app/intermediates/desugar_graph/profile/dexBuilderProfile/out/currentProject/jar_9381c6f184b1dbcac4e7a50678b5787fe0a8c57cda0f962c1d689fc0298f2889_bucket_0/graph.bin","235"
"build/app/intermediates/desugar_graph/profile/dexBuilderProfile/out/currentProject/jar_9381c6f184b1dbcac4e7a50678b5787fe0a8c57cda0f962c1d689fc0298f2889_bucket_1/graph.bin","235"
"build/app/intermediates/desugar_graph/profile/dexBuilderProfile/out/currentProject/jar_9381c6f184b1dbcac4e7a50678b5787fe0a8c57cda0f962c1d689fc0298f2889_bucket_2/graph.bin","235"
"build/app/intermediates/desugar_graph/profile/dexBuilderProfile/out/currentProject/jar_9381c6f184b1dbcac4e7a50678b5787fe0a8c57cda0f962c1d689fc0298f2889_bucket_3/graph.bin","235"
"build/app/intermediates/desugar_graph/profile/dexBuilderProfile/out/currentProject/jar_9381c6f184b1dbcac4e7a50678b5787fe0a8c57cda0f962c1d689fc0298f2889_bucket_4/graph.bin","235"
"build/app/intermediates/desugar_graph/profile/dexBuilderProfile/out/currentProject/jar_9381c6f184b1dbcac4e7a50678b5787fe0a8c57cda0f962c1d689fc0298f2889_bucket_5/graph.bin","235"
"build/app/intermediates/desugar_graph/profile/dexBuilderProfile/out/externalLibs/dirs_bucket_0/graph.bin","235"
"build/app/intermediates/desugar_graph/profile/dexBuilderProfile/out/externalLibs/dirs_bucket_1/graph.bin","235"
"build/app/intermediates/desugar_graph/profile/dexBuilderProfile/out/externalLibs/dirs_bucket_2/graph.bin","235"
"build/app/intermediates/desugar_graph/profile/dexBuilderProfile/out/externalLibs/dirs_bucket_3/graph.bin","235"
"build/app/intermediates/desugar_graph/profile/dexBuilderProfile/out/externalLibs/dirs_bucket_4/graph.bin","235"
"build/app/intermediates/desugar_graph/profile/dexBuilderProfile/out/externalLibs/dirs_bucket_5/graph.bin","235"
"build/app/intermediates/desugar_graph/profile/dexBuilderProfile/out/mixedScopes/dirs_bucket_0/graph.bin","235"
"build/app/intermediates/desugar_graph/profile/dexBuilderProfile/out/mixedScopes/dirs_bucket_1/graph.bin","235"
"build/app/intermediates/desugar_graph/profile/dexBuilderProfile/out/mixedScopes/dirs_bucket_2/graph.bin","235"
"build/app/intermediates/desugar_graph/profile/dexBuilderProfile/out/mixedScopes/dirs_bucket_3/graph.bin","235"
"build/app/intermediates/desugar_graph/profile/dexBuilderProfile/out/mixedScopes/dirs_bucket_4/graph.bin","235"
"build/app/intermediates/desugar_graph/profile/dexBuilderProfile/out/mixedScopes/dirs_bucket_5/graph.bin","235"
"build/app/intermediates/desugar_graph/profile/dexBuilderProfile/out/otherProjects/dirs_bucket_0/graph.bin","235"
"build/app/intermediates/desugar_graph/profile/dexBuilderProfile/out/otherProjects/dirs_bucket_1/graph.bin","235"
"build/app/intermediates/desugar_graph/profile/dexBuilderProfile/out/otherProjects/dirs_bucket_2/graph.bin","235"
"build/app/intermediates/desugar_graph/profile/dexBuilderProfile/out/otherProjects/dirs_bucket_3/graph.bin","235"
"build/app/intermediates/desugar_graph/profile/dexBuilderProfile/out/otherProjects/dirs_bucket_4/graph.bin","235"
"build/app/intermediates/desugar_graph/profile/dexBuilderProfile/out/otherProjects/dirs_bucket_5/graph.bin","235"
"build/app/intermediates/dex_archive_input_jar_hashes/debug/dexBuilderDebug/out","409"
"build/app/intermediates/dex_archive_input_jar_hashes/profile/dexBuilderProfile/out","413"
"build/app/intermediates/dex_metadata_directory/release/compileReleaseArtProfile/0/.dm","624"
"build/app/intermediates/dex_metadata_directory/release/compileReleaseArtProfile/1/.dm","563"
"build/app/intermediates/dex_metadata_directory/release/compileReleaseArtProfile/dex-metadata-map.properties","52"
"build/app/intermediates/dex_number_of_buckets_file/debug/dexBuilderDebug/out","1"
"build/app/intermediates/dex_number_of_buckets_file/profile/dexBuilderProfile/out","1"
"build/app/intermediates/dex/debug/mergeExtDexDebug/classes.dex","7296652"
"build/app/intermediates/dex/debug/mergeProjectDexDebug/0/classes.dex","35340"
"build/app/intermediates/dex/debug/mergeProjectDexDebug/1/classes.dex","936"
"build/app/intermediates/dex/debug/mergeProjectDexDebug/5/classes.dex","892"
"build/app/intermediates/dex/profile/mergeExtDexProfile/classes.dex","7293144"
"build/app/intermediates/dex/profile/mergeProjectDexProfile/0/classes.dex","35340"
"build/app/intermediates/dex/profile/mergeProjectDexProfile/1/classes.dex","936"
"build/app/intermediates/dex/profile/mergeProjectDexProfile/5/classes.dex","896"
"build/app/intermediates/dex/release/minifyReleaseWithR8/classes.dex","520160"
"build/app/intermediates/flutter/debug/.last_build_id","32"
"build/app/intermediates/flutter/debug/flutter_assets/AssetManifest.bin","2"
"build/app/intermediates/flutter/debug/flutter_assets/FontManifest.json","82"
"build/app/intermediates/flutter/debug/flutter_assets/fonts/MaterialIcons-Regular.otf","1645184"
"build/app/intermediates/flutter/debug/flutter_assets/isolate_snapshot_data","11647016"
"build/app/intermediates/flutter/debug/flutter_assets/kernel_blob.bin","44131504"
"build/app/intermediates/flutter/debug/flutter_assets/NativeAssetsManifest.json","45"
"build/app/intermediates/flutter/debug/flutter_assets/NOTICES.Z","98082"
"build/app/intermediates/flutter/debug/flutter_assets/shaders/ink_sparkle.frag","21856"
"build/app/intermediates/flutter/debug/flutter_assets/shaders/stretch_effect.frag","17616"
"build/app/intermediates/flutter/debug/flutter_assets/vm_snapshot_data","0"
"build/app/intermediates/flutter/debug/flutter_build.d","80461"
"build/app/intermediates/flutter/profile/.last_build_id","32"
"build/app/intermediates/flutter/profile/arm64-v8a/app.so","7647880"
"build/app/intermediates/flutter/profile/armeabi-v7a/app.so","7807272"
"build/app/intermediates/flutter/profile/flutter_assets/AssetManifest.bin","2"
"build/app/intermediates/flutter/profile/flutter_assets/FontManifest.json","82"
"build/app/intermediates/flutter/profile/flutter_assets/fonts/MaterialIcons-Regular.otf","1664"
"build/app/intermediates/flutter/profile/flutter_assets/NativeAssetsManifest.json","45"
"build/app/intermediates/flutter/profile/flutter_assets/NOTICES.Z","98082"
"build/app/intermediates/flutter/profile/flutter_assets/shaders/ink_sparkle.frag","21856"
"build/app/intermediates/flutter/profile/flutter_assets/shaders/stretch_effect.frag","17616"
"build/app/intermediates/flutter/profile/flutter_build.d","80538"
"build/app/intermediates/flutter/profile/x86_64/app.so","7783968"
"build/app/intermediates/flutter/release/.last_build_id","32"
"build/app/intermediates/flutter/release/arm64-v8a/app.so","4618824"
"build/app/intermediates/flutter/release/armeabi-v7a/app.so","4741260"
"build/app/intermediates/flutter/release/flutter_assets/AssetManifest.bin","2"
"build/app/intermediates/flutter/release/flutter_assets/FontManifest.json","82"
"build/app/intermediates/flutter/release/flutter_assets/fonts/MaterialIcons-Regular.otf","1664"
"build/app/intermediates/flutter/release/flutter_assets/NativeAssetsManifest.json","45"
"build/app/intermediates/flutter/release/flutter_assets/NOTICES.Z","98082"
"build/app/intermediates/flutter/release/flutter_assets/shaders/ink_sparkle.frag","21856"
"build/app/intermediates/flutter/release/flutter_assets/shaders/stretch_effect.frag","17616"
"build/app/intermediates/flutter/release/flutter_build.d","80538"
"build/app/intermediates/flutter/release/x86_64/app.so","4684912"
"build/app/intermediates/global_synthetics_dex/debug/mergeDebugGlobalSynthetics/classes.dex","1228"
"build/app/intermediates/global_synthetics_dex/profile/mergeProfileGlobalSynthetics/classes.dex","1228"
"build/app/intermediates/incremental/debug-mergeJavaRes/merge-state","7265"
"build/app/intermediates/incremental/debug-mergeJavaRes/zip-cache/+ZPYXB47pMsiADkHM7Rcow==","777"
"build/app/intermediates/incremental/debug-mergeJavaRes/zip-cache/04ohDTfN3YddXHsqKmh9mw==","114"
"build/app/intermediates/incremental/debug-mergeJavaRes/zip-cache/1AAXerVzsCBtimCdrkIMQQ==","3651"
"build/app/intermediates/incremental/debug-mergeJavaRes/zip-cache/1uS9L8H2dnRUq4skaraG2g==","79530"
"build/app/intermediates/incremental/debug-mergeJavaRes/zip-cache/3DHqW4kwc+0jMRGgPTxR4Q==","147465"
"build/app/intermediates/incremental/debug-mergeJavaRes/zip-cache/3sZhFTp7UjMWB1GVEoS6zA==","2498"
"build/app/intermediates/incremental/debug-mergeJavaRes/zip-cache/41gbkSqJXUbmHW1QkRdqWA==","660"
"build/app/intermediates/incremental/debug-mergeJavaRes/zip-cache/5EqrDt5ESBqLKfzr+YlT4Q==","19723"
"build/app/intermediates/incremental/debug-mergeJavaRes/zip-cache/5IqvCqRutU2tHjIeIzir7g==","2885"
"build/app/intermediates/incremental/debug-mergeJavaRes/zip-cache/5KzTfJAgeMnRH6WjIvgCWA==","930"
"build/app/intermediates/incremental/debug-mergeJavaRes/zip-cache/7N48TXU5DS6fteYQJx3JPg==","5887"
"build/app/intermediates/incremental/debug-mergeJavaRes/zip-cache/7nN3yu4u4Zn7YKuHQln0Iw==","214"
"build/app/intermediates/incremental/debug-mergeJavaRes/zip-cache/7R9gOcPQrq5FRKEu6wmp5A==","3555"
"build/app/intermediates/incremental/debug-mergeJavaRes/zip-cache/bdbYLD4yv9wLISAZnd8c+w==","896"
"build/app/intermediates/incremental/debug-mergeJavaRes/zip-cache/cMeNzPH_mKgx10PSiQ6hEw==","6295"
"build/app/intermediates/incremental/debug-mergeJavaRes/zip-cache/DNftgbprhwZiUwZvefxx2g==","2451"
"build/app/intermediates/incremental/debug-mergeJavaRes/zip-cache/DyRULjGsdGf3RfCy+WyNvg==","629"
"build/app/intermediates/incremental/debug-mergeJavaRes/zip-cache/e4mBRwLFsaYEDKmASnkyYg==","1971"
"build/app/intermediates/incremental/debug-mergeJavaRes/zip-cache/eiMUQNX6AgbZ6A_QY7xPBw==","2535"
"build/app/intermediates/incremental/debug-mergeJavaRes/zip-cache/eyx_PaMVs5dmOFCkg8qeAg==","89"
"build/app/intermediates/incremental/debug-mergeJavaRes/zip-cache/fAs1Y5FX6FJehOkuM6IRlg==","5440"
"build/app/intermediates/incremental/debug-mergeJavaRes/zip-cache/fBMRofCe1BGbpY2UClaeLQ==","862"
"build/app/intermediates/incremental/debug-mergeJavaRes/zip-cache/G64jW0COhWxJmDdMHIC9RQ==","25055"
"build/app/intermediates/incremental/debug-mergeJavaRes/zip-cache/grUJ8BHWMUozH_3Aogo+VA==","2382"
"build/app/intermediates/incremental/debug-mergeJavaRes/zip-cache/I9s+dFmkN+jGp2WYmW9EUw==","4620"
"build/app/intermediates/incremental/debug-mergeJavaRes/zip-cache/KAAHoKSyC2Tq66bczgmPEQ==","215"
"build/app/intermediates/incremental/debug-mergeJavaRes/zip-cache/Kghxt7FyQmaP+M1D_U2V_A==","2264"
"build/app/intermediates/incremental/debug-mergeJavaRes/zip-cache/KoLe53SasUUd+mJh6YfHjg==","1270"
"build/app/intermediates/incremental/debug-mergeJavaRes/zip-cache/mNE+zKF59+VtRSyX144NeA==","136373"
"build/app/intermediates/incremental/debug-mergeJavaRes/zip-cache/mXmL5s1ZNR+poYlw0gIrHQ==","1339"
"build/app/intermediates/incremental/debug-mergeJavaRes/zip-cache/n1lI3BnIpPoH2KoQHOZ5xQ==","2240"
"build/app/intermediates/incremental/debug-mergeJavaRes/zip-cache/OngwSV6Ko80ppDXvORaRjA==","4151"
"build/app/intermediates/incremental/debug-mergeJavaRes/zip-cache/oYJWfC3TtlHUK+DxMYN43Q==","104"
"build/app/intermediates/incremental/debug-mergeJavaRes/zip-cache/p71Bv2lgNPeSqSciQhBOaQ==","142196"
"build/app/intermediates/incremental/debug-mergeJavaRes/zip-cache/pJgulIf_wA0FWJEFwmk7cQ==","586"
"build/app/intermediates/incremental/debug-mergeJavaRes/zip-cache/pV5C_3affwikbe9JOCKB3g==","1590"
"build/app/intermediates/incremental/debug-mergeJavaRes/zip-cache/q9sFq8ro8dnkXS7X1vvJiQ==","256"
"build/app/intermediates/incremental/debug-mergeJavaRes/zip-cache/t150wKwAWvrEu+g27uK5+w==","9735"
"build/app/intermediates/incremental/debug-mergeJavaRes/zip-cache/VDBcUSM1gNfWmROBzUiomw==","39406"
"build/app/intermediates/incremental/debug-mergeJavaRes/zip-cache/VpNysWRbPOEdijCUaxEG0w==","3872"
"build/app/intermediates/incremental/debug-mergeJavaRes/zip-cache/Vx_iKRnnorgfrKsDEGfgWA==","8904"
"build/app/intermediates/incremental/debug-mergeJavaRes/zip-cache/XX7oMKvGnyXdpIVFiSK0ZQ==","20942"
"build/app/intermediates/incremental/debug-mergeJavaRes/zip-cache/YvVh0pgTFb12Gwegw9mDvw==","1182"
"build/app/intermediates/incremental/debug-mergeJavaRes/zip-cache/zDD+lsYspObkPTkus_+lUw==","3729"
"build/app/intermediates/incremental/debug-mergeJavaRes/zip-cache/ZopXjjvUU7xmsM1ZkS+etA==","483"
"build/app/intermediates/incremental/debug/mergeDebugResources/compile-file-map.properties","1389"
"build/app/intermediates/incremental/debug/mergeDebugResources/merged.dir/values-af/values-af.xml","896"
"build/app/intermediates/incremental/debug/mergeDebugResources/merged.dir/values-am/values-am.xml","929"
"build/app/intermediates/incremental/debug/mergeDebugResources/merged.dir/values-ar/values-ar.xml","940"
"build/app/intermediates/incremental/debug/mergeDebugResources/merged.dir/values-as/values-as.xml","1110"
"build/app/intermediates/incremental/debug/mergeDebugResources/merged.dir/values-az/values-az.xml","905"
"build/app/intermediates/incremental/debug/mergeDebugResources/merged.dir/values-b+sr+Latn/values-b+sr+Latn.xml","890"
"build/app/intermediates/incremental/debug/mergeDebugResources/merged.dir/values-be/values-be.xml","980"
"build/app/intermediates/incremental/debug/mergeDebugResources/merged.dir/values-bg/values-bg.xml","999"
"build/app/intermediates/incremental/debug/mergeDebugResources/merged.dir/values-bn/values-bn.xml","1051"
"build/app/intermediates/incremental/debug/mergeDebugResources/merged.dir/values-bs/values-bs.xml","889"
"build/app/intermediates/incremental/debug/mergeDebugResources/merged.dir/values-ca/values-ca.xml","897"
"build/app/intermediates/incremental/debug/mergeDebugResources/merged.dir/values-cs/values-cs.xml","911"
"build/app/intermediates/incremental/debug/mergeDebugResources/merged.dir/values-da/values-da.xml","896"
"build/app/intermediates/incremental/debug/mergeDebugResources/merged.dir/values-de/values-de.xml","896"
"build/app/intermediates/incremental/debug/mergeDebugResources/merged.dir/values-el/values-el.xml","987"
"build/app/intermediates/incremental/debug/mergeDebugResources/merged.dir/values-en-rAU/values-en-rAU.xml","883"
"build/app/intermediates/incremental/debug/mergeDebugResources/merged.dir/values-en-rCA/values-en-rCA.xml","882"
"build/app/intermediates/incremental/debug/mergeDebugResources/merged.dir/values-en-rGB/values-en-rGB.xml","883"
"build/app/intermediates/incremental/debug/mergeDebugResources/merged.dir/values-en-rIN/values-en-rIN.xml","883"
"build/app/intermediates/incremental/debug/mergeDebugResources/merged.dir/values-en-rXC/values-en-rXC.xml","3318"
"build/app/intermediates/incremental/debug/mergeDebugResources/merged.dir/values-es-rUS/values-es-rUS.xml","896"
"build/app/intermediates/incremental/debug/mergeDebugResources/merged.dir/values-es/values-es.xml","897"
"build/app/intermediates/incremental/debug/mergeDebugResources/merged.dir/values-et/values-et.xml","899"
"build/app/intermediates/incremental/debug/mergeDebugResources/merged.dir/values-eu/values-eu.xml","895"
"build/app/intermediates/incremental/debug/mergeDebugResources/merged.dir/values-fa/values-fa.xml","960"
"build/app/intermediates/incremental/debug/mergeDebugResources/merged.dir/values-fi/values-fi.xml","902"
"build/app/intermediates/incremental/debug/mergeDebugResources/merged.dir/values-fr-rCA/values-fr-rCA.xml","889"
"build/app/intermediates/incremental/debug/mergeDebugResources/merged.dir/values-fr/values-fr.xml","893"
"build/app/intermediates/incremental/debug/mergeDebugResources/merged.dir/values-gl/values-gl.xml","893"
"build/app/intermediates/incremental/debug/mergeDebugResources/merged.dir/values-gu/values-gu.xml","1020"
"build/app/intermediates/incremental/debug/mergeDebugResources/merged.dir/values-hi/values-hi.xml","1103"
"build/app/intermediates/incremental/debug/mergeDebugResources/merged.dir/values-hr/values-hr.xml","890"
"build/app/intermediates/incremental/debug/mergeDebugResources/merged.dir/values-hu/values-hu.xml","903"
"build/app/intermediates/incremental/debug/mergeDebugResources/merged.dir/values-hy/values-hy.xml","958"
"build/app/intermediates/incremental/debug/mergeDebugResources/merged.dir/values-in/values-in.xml","894"
"build/app/intermediates/incremental/debug/mergeDebugResources/merged.dir/values-is/values-is.xml","888"
"build/app/intermediates/incremental/debug/mergeDebugResources/merged.dir/values-it/values-it.xml","911"
"build/app/intermediates/incremental/debug/mergeDebugResources/merged.dir/values-iw/values-iw.xml","912"
"build/app/intermediates/incremental/debug/mergeDebugResources/merged.dir/values-ja/values-ja.xml","887"
"build/app/intermediates/incremental/debug/mergeDebugResources/merged.dir/values-ka/values-ka.xml","1044"
"build/app/intermediates/incremental/debug/mergeDebugResources/merged.dir/values-kk/values-kk.xml","946"
"build/app/intermediates/incremental/debug/mergeDebugResources/merged.dir/values-km/values-km.xml","1043"
"build/app/intermediates/incremental/debug/mergeDebugResources/merged.dir/values-kn/values-kn.xml","1103"
"build/app/intermediates/incremental/debug/mergeDebugResources/merged.dir/values-ko/values-ko.xml","897"
"build/app/intermediates/incremental/debug/mergeDebugResources/merged.dir/values-ky/values-ky.xml","977"
"build/app/intermediates/incremental/debug/mergeDebugResources/merged.dir/values-lo/values-lo.xml","998"
"build/app/intermediates/incremental/debug/mergeDebugResources/merged.dir/values-lt/values-lt.xml","918"
"build/app/intermediates/incremental/debug/mergeDebugResources/merged.dir/values-lv/values-lv.xml","907"
"build/app/intermediates/incremental/debug/mergeDebugResources/merged.dir/values-mk/values-mk.xml","955"
"build/app/intermediates/incremental/debug/mergeDebugResources/merged.dir/values-ml/values-ml.xml","1077"
"build/app/intermediates/incremental/debug/mergeDebugResources/merged.dir/values-mn/values-mn.xml","986"
"build/app/intermediates/incremental/debug/mergeDebugResources/merged.dir/values-mr/values-mr.xml","1060"
"build/app/intermediates/incremental/debug/mergeDebugResources/merged.dir/values-ms/values-ms.xml","907"
"build/app/intermediates/incremental/debug/mergeDebugResources/merged.dir/values-my/values-my.xml","1110"
"build/app/intermediates/incremental/debug/mergeDebugResources/merged.dir/values-nb/values-nb.xml","893"
"build/app/intermediates/incremental/debug/mergeDebugResources/merged.dir/values-ne/values-ne.xml","1032"
"build/app/intermediates/incremental/debug/mergeDebugResources/merged.dir/values-night-v8/values-night-v8.xml","413"
"build/app/intermediates/incremental/debug/mergeDebugResources/merged.dir/values-nl/values-nl.xml","898"
"build/app/intermediates/incremental/debug/mergeDebugResources/merged.dir/values-or/values-or.xml","1067"
"build/app/intermediates/incremental/debug/mergeDebugResources/merged.dir/values-pa/values-pa.xml","1055"
"build/app/intermediates/incremental/debug/mergeDebugResources/merged.dir/values-pl/values-pl.xml","913"
"build/app/intermediates/incremental/debug/mergeDebugResources/merged.dir/values-pt-rBR/values-pt-rBR.xml","902"
"build/app/intermediates/incremental/debug/mergeDebugResources/merged.dir/values-pt-rPT/values-pt-rPT.xml","899"
"build/app/intermediates/incremental/debug/mergeDebugResources/merged.dir/values-pt/values-pt.xml","902"
"build/app/intermediates/incremental/debug/mergeDebugResources/merged.dir/values-ro/values-ro.xml","897"
"build/app/intermediates/incremental/debug/mergeDebugResources/merged.dir/values-ru/values-ru.xml","972"
"build/app/intermediates/incremental/debug/mergeDebugResources/merged.dir/values-si/values-si.xml","1056"
"build/app/intermediates/incremental/debug/mergeDebugResources/merged.dir/values-sk/values-sk.xml","910"
"build/app/intermediates/incremental/debug/mergeDebugResources/merged.dir/values-sl/values-sl.xml","887"
"build/app/intermediates/incremental/debug/mergeDebugResources/merged.dir/values-sq/values-sq.xml","909"
"build/app/intermediates/incremental/debug/mergeDebugResources/merged.dir/values-sr/values-sr.xml","966"
"build/app/intermediates/incremental/debug/mergeDebugResources/merged.dir/values-sv/values-sv.xml","896"
"build/app/intermediates/incremental/debug/mergeDebugResources/merged.dir/values-sw/values-sw.xml","887"
"build/app/intermediates/incremental/debug/mergeDebugResources/merged.dir/values-ta/values-ta.xml","1106"
"build/app/intermediates/incremental/debug/mergeDebugResources/merged.dir/values-te/values-te.xml","1114"
"build/app/intermediates/incremental/debug/mergeDebugResources/merged.dir/values-th/values-th.xml","1025"
"build/app/intermediates/incremental/debug/mergeDebugResources/merged.dir/values-tl/values-tl.xml","898"
"build/app/intermediates/incremental/debug/mergeDebugResources/merged.dir/values-tr/values-tr.xml","881"
"build/app/intermediates/incremental/debug/mergeDebugResources/merged.dir/values-uk/values-uk.xml","970"
"build/app/intermediates/incremental/debug/mergeDebugResources/merged.dir/values-ur/values-ur.xml","953"
"build/app/intermediates/incremental/debug/mergeDebugResources/merged.dir/values-uz/values-uz.xml","900"
"build/app/intermediates/incremental/debug/mergeDebugResources/merged.dir/values-v21/values-v21.xml","1396"
"build/app/intermediates/incremental/debug/mergeDebugResources/merged.dir/values-vi/values-vi.xml","932"
"build/app/intermediates/incremental/debug/mergeDebugResources/merged.dir/values-zh-rCN/values-zh-rCN.xml","872"
"build/app/intermediates/incremental/debug/mergeDebugResources/merged.dir/values-zh-rHK/values-zh-rHK.xml","863"
"build/app/intermediates/incremental/debug/mergeDebugResources/merged.dir/values-zh-rTW/values-zh-rTW.xml","863"
"build/app/intermediates/incremental/debug/mergeDebugResources/merged.dir/values-zu/values-zu.xml","894"
"build/app/intermediates/incremental/debug/mergeDebugResources/merged.dir/values/values.xml","15136"
"build/app/intermediates/incremental/debug/mergeDebugResources/merger.xml","134643"
"build/app/intermediates/incremental/debug/packageDebugResources/compile-file-map.properties","1398"
"build/app/intermediates/incremental/debug/packageDebugResources/merged.dir/values-night-v8/values-night-v8.xml","413"
"build/app/intermediates/incremental/debug/packageDebugResources/merged.dir/values/values.xml","413"
"build/app/intermediates/incremental/debug/packageDebugResources/merger.xml","3999"
"build/app/intermediates/incremental/lintVitalAnalyzeRelease/module.xml","732"
"build/app/intermediates/incremental/lintVitalAnalyzeRelease/release-artifact-dependencies.xml","16250"
"build/app/intermediates/incremental/lintVitalAnalyzeRelease/release-artifact-libraries.xml","25264"
"build/app/intermediates/incremental/lintVitalAnalyzeRelease/release.xml","2443"
"build/app/intermediates/incremental/mergeDebugAssets/merger.xml","516"
"build/app/intermediates/incremental/mergeDebugJniLibFolders/merger.xml","802"
"build/app/intermediates/incremental/mergeProfileAssets/merger.xml","520"
"build/app/intermediates/incremental/mergeProfileJniLibFolders/merger.xml","1335"
"build/app/intermediates/incremental/mergeReleaseAssets/merger.xml","520"
"build/app/intermediates/incremental/mergeReleaseJniLibFolders/merger.xml","1335"
"build/app/intermediates/incremental/packageDebug/tmp/debug/dex-renamer-state.txt","986"
"build/app/intermediates/incremental/packageDebug/tmp/debug/zip-cache/androidResources","12024"
"build/app/intermediates/incremental/packageDebug/tmp/debug/zip-cache/javaResources0","5574"
"build/app/intermediates/incremental/packageProfile/tmp/profile/dex-renamer-state.txt","1006"
"build/app/intermediates/incremental/packageProfile/tmp/profile/zip-cache/androidResources","12024"
"build/app/intermediates/incremental/packageProfile/tmp/profile/zip-cache/javaResources0","5574"
"build/app/intermediates/incremental/packageRelease/tmp/arm64-v8aRelease/dex-renamer-state.txt","220"
"build/app/intermediates/incremental/packageRelease/tmp/arm64-v8aRelease/zip-cache/androidResources","580"
"build/app/intermediates/incremental/packageRelease/tmp/arm64-v8aRelease/zip-cache/javaResources0","5499"
"build/app/intermediates/incremental/packageRelease/tmp/armeabi-v7aRelease/dex-renamer-state.txt","220"
"build/app/intermediates/incremental/packageRelease/tmp/armeabi-v7aRelease/zip-cache/androidResources","580"
"build/app/intermediates/incremental/packageRelease/tmp/armeabi-v7aRelease/zip-cache/javaResources0","5499"
"build/app/intermediates/incremental/packageRelease/tmp/x86_64Release/dex-renamer-state.txt","220"
"build/app/intermediates/incremental/packageRelease/tmp/x86_64Release/zip-cache/androidResources","580"
"build/app/intermediates/incremental/packageRelease/tmp/x86_64Release/zip-cache/javaResources0","5499"
"build/app/intermediates/incremental/profile-mergeJavaRes/merge-state","7281"
"build/app/intermediates/incremental/profile-mergeJavaRes/zip-cache/+ZPYXB47pMsiADkHM7Rcow==","777"
"build/app/intermediates/incremental/profile-mergeJavaRes/zip-cache/1AAXerVzsCBtimCdrkIMQQ==","3651"
"build/app/intermediates/incremental/profile-mergeJavaRes/zip-cache/3DHqW4kwc+0jMRGgPTxR4Q==","147465"
"build/app/intermediates/incremental/profile-mergeJavaRes/zip-cache/3sZhFTp7UjMWB1GVEoS6zA==","2498"
"build/app/intermediates/incremental/profile-mergeJavaRes/zip-cache/41gbkSqJXUbmHW1QkRdqWA==","660"
"build/app/intermediates/incremental/profile-mergeJavaRes/zip-cache/4c5hjLEy+o+5iaz9OsoUnA==","239"
"build/app/intermediates/incremental/profile-mergeJavaRes/zip-cache/5EqrDt5ESBqLKfzr+YlT4Q==","19723"
"build/app/intermediates/incremental/profile-mergeJavaRes/zip-cache/5IqvCqRutU2tHjIeIzir7g==","2885"
"build/app/intermediates/incremental/profile-mergeJavaRes/zip-cache/5KzTfJAgeMnRH6WjIvgCWA==","930"
"build/app/intermediates/incremental/profile-mergeJavaRes/zip-cache/7N48TXU5DS6fteYQJx3JPg==","5887"
"build/app/intermediates/incremental/profile-mergeJavaRes/zip-cache/7nN3yu4u4Zn7YKuHQln0Iw==","214"
"build/app/intermediates/incremental/profile-mergeJavaRes/zip-cache/7R9gOcPQrq5FRKEu6wmp5A==","3555"
"build/app/intermediates/incremental/profile-mergeJavaRes/zip-cache/bdbYLD4yv9wLISAZnd8c+w==","896"
"build/app/intermediates/incremental/profile-mergeJavaRes/zip-cache/cMeNzPH_mKgx10PSiQ6hEw==","6295"
"build/app/intermediates/incremental/profile-mergeJavaRes/zip-cache/DNftgbprhwZiUwZvefxx2g==","2451"
"build/app/intermediates/incremental/profile-mergeJavaRes/zip-cache/DyRULjGsdGf3RfCy+WyNvg==","629"
"build/app/intermediates/incremental/profile-mergeJavaRes/zip-cache/e4mBRwLFsaYEDKmASnkyYg==","1971"
"build/app/intermediates/incremental/profile-mergeJavaRes/zip-cache/eiMUQNX6AgbZ6A_QY7xPBw==","2535"
"build/app/intermediates/incremental/profile-mergeJavaRes/zip-cache/eyx_PaMVs5dmOFCkg8qeAg==","89"
"build/app/intermediates/incremental/profile-mergeJavaRes/zip-cache/fAs1Y5FX6FJehOkuM6IRlg==","5440"
"build/app/intermediates/incremental/profile-mergeJavaRes/zip-cache/fBMRofCe1BGbpY2UClaeLQ==","862"
"build/app/intermediates/incremental/profile-mergeJavaRes/zip-cache/G64jW0COhWxJmDdMHIC9RQ==","25055"
"build/app/intermediates/incremental/profile-mergeJavaRes/zip-cache/grUJ8BHWMUozH_3Aogo+VA==","2382"
"build/app/intermediates/incremental/profile-mergeJavaRes/zip-cache/I9s+dFmkN+jGp2WYmW9EUw==","4620"
"build/app/intermediates/incremental/profile-mergeJavaRes/zip-cache/KAAHoKSyC2Tq66bczgmPEQ==","215"
"build/app/intermediates/incremental/profile-mergeJavaRes/zip-cache/Kghxt7FyQmaP+M1D_U2V_A==","2264"
"build/app/intermediates/incremental/profile-mergeJavaRes/zip-cache/KH65dxUrbcD0Kq3xqv1J5w==","228"
"build/app/intermediates/incremental/profile-mergeJavaRes/zip-cache/KoLe53SasUUd+mJh6YfHjg==","1270"
"build/app/intermediates/incremental/profile-mergeJavaRes/zip-cache/kwDvIj_JCsl4UpBzpJpYPQ==","79528"
"build/app/intermediates/incremental/profile-mergeJavaRes/zip-cache/mNE+zKF59+VtRSyX144NeA==","136373"
"build/app/intermediates/incremental/profile-mergeJavaRes/zip-cache/mXmL5s1ZNR+poYlw0gIrHQ==","1339"
"build/app/intermediates/incremental/profile-mergeJavaRes/zip-cache/n1lI3BnIpPoH2KoQHOZ5xQ==","2240"
"build/app/intermediates/incremental/profile-mergeJavaRes/zip-cache/OngwSV6Ko80ppDXvORaRjA==","4151"
"build/app/intermediates/incremental/profile-mergeJavaRes/zip-cache/p71Bv2lgNPeSqSciQhBOaQ==","142196"
"build/app/intermediates/incremental/profile-mergeJavaRes/zip-cache/pJgulIf_wA0FWJEFwmk7cQ==","586"
"build/app/intermediates/incremental/profile-mergeJavaRes/zip-cache/pV5C_3affwikbe9JOCKB3g==","1590"
"build/app/intermediates/incremental/profile-mergeJavaRes/zip-cache/SgT6xErZrQaA8GXTYB8RwQ==","246"
"build/app/intermediates/incremental/profile-mergeJavaRes/zip-cache/t150wKwAWvrEu+g27uK5+w==","9735"
"build/app/intermediates/incremental/profile-mergeJavaRes/zip-cache/VDBcUSM1gNfWmROBzUiomw==","39406"
"build/app/intermediates/incremental/profile-mergeJavaRes/zip-cache/VpNysWRbPOEdijCUaxEG0w==","3872"
"build/app/intermediates/incremental/profile-mergeJavaRes/zip-cache/Vx_iKRnnorgfrKsDEGfgWA==","8904"
"build/app/intermediates/incremental/profile-mergeJavaRes/zip-cache/XX7oMKvGnyXdpIVFiSK0ZQ==","20942"
"build/app/intermediates/incremental/profile-mergeJavaRes/zip-cache/YvVh0pgTFb12Gwegw9mDvw==","1182"
"build/app/intermediates/incremental/profile-mergeJavaRes/zip-cache/zDD+lsYspObkPTkus_+lUw==","3729"
"build/app/intermediates/incremental/profile-mergeJavaRes/zip-cache/ZopXjjvUU7xmsM1ZkS+etA==","483"
"build/app/intermediates/incremental/profile/mergeProfileResources/compile-file-map.properties","1413"
"build/app/intermediates/incremental/profile/mergeProfileResources/merged.dir/values-af/values-af.xml","896"
"build/app/intermediates/incremental/profile/mergeProfileResources/merged.dir/values-am/values-am.xml","929"
"build/app/intermediates/incremental/profile/mergeProfileResources/merged.dir/values-ar/values-ar.xml","940"
"build/app/intermediates/incremental/profile/mergeProfileResources/merged.dir/values-as/values-as.xml","1110"
"build/app/intermediates/incremental/profile/mergeProfileResources/merged.dir/values-az/values-az.xml","905"
"build/app/intermediates/incremental/profile/mergeProfileResources/merged.dir/values-b+sr+Latn/values-b+sr+Latn.xml","890"
"build/app/intermediates/incremental/profile/mergeProfileResources/merged.dir/values-be/values-be.xml","980"
"build/app/intermediates/incremental/profile/mergeProfileResources/merged.dir/values-bg/values-bg.xml","999"
"build/app/intermediates/incremental/profile/mergeProfileResources/merged.dir/values-bn/values-bn.xml","1051"
"build/app/intermediates/incremental/profile/mergeProfileResources/merged.dir/values-bs/values-bs.xml","889"
"build/app/intermediates/incremental/profile/mergeProfileResources/merged.dir/values-ca/values-ca.xml","897"
"build/app/intermediates/incremental/profile/mergeProfileResources/merged.dir/values-cs/values-cs.xml","911"
"build/app/intermediates/incremental/profile/mergeProfileResources/merged.dir/values-da/values-da.xml","896"
"build/app/intermediates/incremental/profile/mergeProfileResources/merged.dir/values-de/values-de.xml","896"
"build/app/intermediates/incremental/profile/mergeProfileResources/merged.dir/values-el/values-el.xml","987"
"build/app/intermediates/incremental/profile/mergeProfileResources/merged.dir/values-en-rAU/values-en-rAU.xml","883"
"build/app/intermediates/incremental/profile/mergeProfileResources/merged.dir/values-en-rCA/values-en-rCA.xml","882"
"build/app/intermediates/incremental/profile/mergeProfileResources/merged.dir/values-en-rGB/values-en-rGB.xml","883"
"build/app/intermediates/incremental/profile/mergeProfileResources/merged.dir/values-en-rIN/values-en-rIN.xml","883"
"build/app/intermediates/incremental/profile/mergeProfileResources/merged.dir/values-en-rXC/values-en-rXC.xml","3318"
"build/app/intermediates/incremental/profile/mergeProfileResources/merged.dir/values-es-rUS/values-es-rUS.xml","896"
"build/app/intermediates/incremental/profile/mergeProfileResources/merged.dir/values-es/values-es.xml","897"
"build/app/intermediates/incremental/profile/mergeProfileResources/merged.dir/values-et/values-et.xml","899"
"build/app/intermediates/incremental/profile/mergeProfileResources/merged.dir/values-eu/values-eu.xml","895"
"build/app/intermediates/incremental/profile/mergeProfileResources/merged.dir/values-fa/values-fa.xml","960"
"build/app/intermediates/incremental/profile/mergeProfileResources/merged.dir/values-fi/values-fi.xml","902"
"build/app/intermediates/incremental/profile/mergeProfileResources/merged.dir/values-fr-rCA/values-fr-rCA.xml","889"
"build/app/intermediates/incremental/profile/mergeProfileResources/merged.dir/values-fr/values-fr.xml","893"
"build/app/intermediates/incremental/profile/mergeProfileResources/merged.dir/values-gl/values-gl.xml","893"
"build/app/intermediates/incremental/profile/mergeProfileResources/merged.dir/values-gu/values-gu.xml","1020"
"build/app/intermediates/incremental/profile/mergeProfileResources/merged.dir/values-hi/values-hi.xml","1103"
"build/app/intermediates/incremental/profile/mergeProfileResources/merged.dir/values-hr/values-hr.xml","890"
"build/app/intermediates/incremental/profile/mergeProfileResources/merged.dir/values-hu/values-hu.xml","903"
"build/app/intermediates/incremental/profile/mergeProfileResources/merged.dir/values-hy/values-hy.xml","958"
"build/app/intermediates/incremental/profile/mergeProfileResources/merged.dir/values-in/values-in.xml","894"
"build/app/intermediates/incremental/profile/mergeProfileResources/merged.dir/values-is/values-is.xml","888"
"build/app/intermediates/incremental/profile/mergeProfileResources/merged.dir/values-it/values-it.xml","911"
"build/app/intermediates/incremental/profile/mergeProfileResources/merged.dir/values-iw/values-iw.xml","912"
"build/app/intermediates/incremental/profile/mergeProfileResources/merged.dir/values-ja/values-ja.xml","887"
"build/app/intermediates/incremental/profile/mergeProfileResources/merged.dir/values-ka/values-ka.xml","1044"
"build/app/intermediates/incremental/profile/mergeProfileResources/merged.dir/values-kk/values-kk.xml","946"
"build/app/intermediates/incremental/profile/mergeProfileResources/merged.dir/values-km/values-km.xml","1043"
"build/app/intermediates/incremental/profile/mergeProfileResources/merged.dir/values-kn/values-kn.xml","1103"
"build/app/intermediates/incremental/profile/mergeProfileResources/merged.dir/values-ko/values-ko.xml","897"
"build/app/intermediates/incremental/profile/mergeProfileResources/merged.dir/values-ky/values-ky.xml","977"
"build/app/intermediates/incremental/profile/mergeProfileResources/merged.dir/values-lo/values-lo.xml","998"
"build/app/intermediates/incremental/profile/mergeProfileResources/merged.dir/values-lt/values-lt.xml","918"
"build/app/intermediates/incremental/profile/mergeProfileResources/merged.dir/values-lv/values-lv.xml","907"
"build/app/intermediates/incremental/profile/mergeProfileResources/merged.dir/values-mk/values-mk.xml","955"
"build/app/intermediates/incremental/profile/mergeProfileResources/merged.dir/values-ml/values-ml.xml","1077"
"build/app/intermediates/incremental/profile/mergeProfileResources/merged.dir/values-mn/values-mn.xml","986"
"build/app/intermediates/incremental/profile/mergeProfileResources/merged.dir/values-mr/values-mr.xml","1060"
"build/app/intermediates/incremental/profile/mergeProfileResources/merged.dir/values-ms/values-ms.xml","907"
"build/app/intermediates/incremental/profile/mergeProfileResources/merged.dir/values-my/values-my.xml","1110"
"build/app/intermediates/incremental/profile/mergeProfileResources/merged.dir/values-nb/values-nb.xml","893"
"build/app/intermediates/incremental/profile/mergeProfileResources/merged.dir/values-ne/values-ne.xml","1032"
"build/app/intermediates/incremental/profile/mergeProfileResources/merged.dir/values-night-v8/values-night-v8.xml","413"
"build/app/intermediates/incremental/profile/mergeProfileResources/merged.dir/values-nl/values-nl.xml","898"
"build/app/intermediates/incremental/profile/mergeProfileResources/merged.dir/values-or/values-or.xml","1067"
"build/app/intermediates/incremental/profile/mergeProfileResources/merged.dir/values-pa/values-pa.xml","1055"
"build/app/intermediates/incremental/profile/mergeProfileResources/merged.dir/values-pl/values-pl.xml","913"
"build/app/intermediates/incremental/profile/mergeProfileResources/merged.dir/values-pt-rBR/values-pt-rBR.xml","902"
"build/app/intermediates/incremental/profile/mergeProfileResources/merged.dir/values-pt-rPT/values-pt-rPT.xml","899"
"build/app/intermediates/incremental/profile/mergeProfileResources/merged.dir/values-pt/values-pt.xml","902"
"build/app/intermediates/incremental/profile/mergeProfileResources/merged.dir/values-ro/values-ro.xml","897"
"build/app/intermediates/incremental/profile/mergeProfileResources/merged.dir/values-ru/values-ru.xml","972"
"build/app/intermediates/incremental/profile/mergeProfileResources/merged.dir/values-si/values-si.xml","1056"
"build/app/intermediates/incremental/profile/mergeProfileResources/merged.dir/values-sk/values-sk.xml","910"
"build/app/intermediates/incremental/profile/mergeProfileResources/merged.dir/values-sl/values-sl.xml","887"
"build/app/intermediates/incremental/profile/mergeProfileResources/merged.dir/values-sq/values-sq.xml","909"
"build/app/intermediates/incremental/profile/mergeProfileResources/merged.dir/values-sr/values-sr.xml","966"
"build/app/intermediates/incremental/profile/mergeProfileResources/merged.dir/values-sv/values-sv.xml","896"
"build/app/intermediates/incremental/profile/mergeProfileResources/merged.dir/values-sw/values-sw.xml","887"
"build/app/intermediates/incremental/profile/mergeProfileResources/merged.dir/values-ta/values-ta.xml","1106"
"build/app/intermediates/incremental/profile/mergeProfileResources/merged.dir/values-te/values-te.xml","1114"
"build/app/intermediates/incremental/profile/mergeProfileResources/merged.dir/values-th/values-th.xml","1025"
"build/app/intermediates/incremental/profile/mergeProfileResources/merged.dir/values-tl/values-tl.xml","898"
"build/app/intermediates/incremental/profile/mergeProfileResources/merged.dir/values-tr/values-tr.xml","881"
"build/app/intermediates/incremental/profile/mergeProfileResources/merged.dir/values-uk/values-uk.xml","970"
"build/app/intermediates/incremental/profile/mergeProfileResources/merged.dir/values-ur/values-ur.xml","953"
"build/app/intermediates/incremental/profile/mergeProfileResources/merged.dir/values-uz/values-uz.xml","900"
"build/app/intermediates/incremental/profile/mergeProfileResources/merged.dir/values-v21/values-v21.xml","1396"
"build/app/intermediates/incremental/profile/mergeProfileResources/merged.dir/values-vi/values-vi.xml","932"
"build/app/intermediates/incremental/profile/mergeProfileResources/merged.dir/values-zh-rCN/values-zh-rCN.xml","872"
"build/app/intermediates/incremental/profile/mergeProfileResources/merged.dir/values-zh-rHK/values-zh-rHK.xml","863"
"build/app/intermediates/incremental/profile/mergeProfileResources/merged.dir/values-zh-rTW/values-zh-rTW.xml","863"
"build/app/intermediates/incremental/profile/mergeProfileResources/merged.dir/values-zu/values-zu.xml","894"
"build/app/intermediates/incremental/profile/mergeProfileResources/merged.dir/values/values.xml","15136"
"build/app/intermediates/incremental/profile/mergeProfileResources/merger.xml","134653"
"build/app/intermediates/incremental/profile/packageProfileResources/compile-file-map.properties","1422"
"build/app/intermediates/incremental/profile/packageProfileResources/merged.dir/values-night-v8/values-night-v8.xml","413"
"build/app/intermediates/incremental/profile/packageProfileResources/merged.dir/values/values.xml","413"
"build/app/intermediates/incremental/profile/packageProfileResources/merger.xml","4009"
"build/app/intermediates/incremental/release-mergeJavaRes/merge-state","7359"
"build/app/intermediates/incremental/release-mergeJavaRes/zip-cache/+ZPYXB47pMsiADkHM7Rcow==","777"
"build/app/intermediates/incremental/release-mergeJavaRes/zip-cache/1AAXerVzsCBtimCdrkIMQQ==","3651"
"build/app/intermediates/incremental/release-mergeJavaRes/zip-cache/3DHqW4kwc+0jMRGgPTxR4Q==","147465"
"build/app/intermediates/incremental/release-mergeJavaRes/zip-cache/3sZhFTp7UjMWB1GVEoS6zA==","2498"
"build/app/intermediates/incremental/release-mergeJavaRes/zip-cache/41gbkSqJXUbmHW1QkRdqWA==","660"
"build/app/intermediates/incremental/release-mergeJavaRes/zip-cache/5EqrDt5ESBqLKfzr+YlT4Q==","19723"
"build/app/intermediates/incremental/release-mergeJavaRes/zip-cache/5IqvCqRutU2tHjIeIzir7g==","2885"
"build/app/intermediates/incremental/release-mergeJavaRes/zip-cache/5KzTfJAgeMnRH6WjIvgCWA==","930"
"build/app/intermediates/incremental/release-mergeJavaRes/zip-cache/7N48TXU5DS6fteYQJx3JPg==","5887"
"build/app/intermediates/incremental/release-mergeJavaRes/zip-cache/7nN3yu4u4Zn7YKuHQln0Iw==","214"
"build/app/intermediates/incremental/release-mergeJavaRes/zip-cache/7R9gOcPQrq5FRKEu6wmp5A==","3555"
"build/app/intermediates/incremental/release-mergeJavaRes/zip-cache/A8nlo77Fgdf9A9WdOIaWhQ==","110"
"build/app/intermediates/incremental/release-mergeJavaRes/zip-cache/bdbYLD4yv9wLISAZnd8c+w==","896"
"build/app/intermediates/incremental/release-mergeJavaRes/zip-cache/cMeNzPH_mKgx10PSiQ6hEw==","6295"
"build/app/intermediates/incremental/release-mergeJavaRes/zip-cache/cQw+qY0YMclfLOIPtx9QNA==","104"
"build/app/intermediates/incremental/release-mergeJavaRes/zip-cache/DNftgbprhwZiUwZvefxx2g==","2451"
"build/app/intermediates/incremental/release-mergeJavaRes/zip-cache/DyRULjGsdGf3RfCy+WyNvg==","629"
"build/app/intermediates/incremental/release-mergeJavaRes/zip-cache/e4mBRwLFsaYEDKmASnkyYg==","1971"
"build/app/intermediates/incremental/release-mergeJavaRes/zip-cache/eiMUQNX6AgbZ6A_QY7xPBw==","2535"
"build/app/intermediates/incremental/release-mergeJavaRes/zip-cache/eyx_PaMVs5dmOFCkg8qeAg==","89"
"build/app/intermediates/incremental/release-mergeJavaRes/zip-cache/f0_1YnBjbHetfVxyEj+Afw==","79532"
"build/app/intermediates/incremental/release-mergeJavaRes/zip-cache/fAs1Y5FX6FJehOkuM6IRlg==","5440"
"build/app/intermediates/incremental/release-mergeJavaRes/zip-cache/fBMRofCe1BGbpY2UClaeLQ==","862"
"build/app/intermediates/incremental/release-mergeJavaRes/zip-cache/G64jW0COhWxJmDdMHIC9RQ==","25055"
"build/app/intermediates/incremental/release-mergeJavaRes/zip-cache/grUJ8BHWMUozH_3Aogo+VA==","2382"
"build/app/intermediates/incremental/release-mergeJavaRes/zip-cache/I9s+dFmkN+jGp2WYmW9EUw==","4620"
"build/app/intermediates/incremental/release-mergeJavaRes/zip-cache/KAAHoKSyC2Tq66bczgmPEQ==","215"
"build/app/intermediates/incremental/release-mergeJavaRes/zip-cache/Kghxt7FyQmaP+M1D_U2V_A==","2264"
"build/app/intermediates/incremental/release-mergeJavaRes/zip-cache/KoLe53SasUUd+mJh6YfHjg==","1270"
"build/app/intermediates/incremental/release-mergeJavaRes/zip-cache/mNE+zKF59+VtRSyX144NeA==","136373"
"build/app/intermediates/incremental/release-mergeJavaRes/zip-cache/mXmL5s1ZNR+poYlw0gIrHQ==","1339"
"build/app/intermediates/incremental/release-mergeJavaRes/zip-cache/n1lI3BnIpPoH2KoQHOZ5xQ==","2240"
"build/app/intermediates/incremental/release-mergeJavaRes/zip-cache/OngwSV6Ko80ppDXvORaRjA==","4151"
"build/app/intermediates/incremental/release-mergeJavaRes/zip-cache/p71Bv2lgNPeSqSciQhBOaQ==","142196"
"build/app/intermediates/incremental/release-mergeJavaRes/zip-cache/pJgulIf_wA0FWJEFwmk7cQ==","586"
"build/app/intermediates/incremental/release-mergeJavaRes/zip-cache/pV5C_3affwikbe9JOCKB3g==","1590"
"build/app/intermediates/incremental/release-mergeJavaRes/zip-cache/T_+FWxQxCr0NPBMP6lXDDQ==","113"
"build/app/intermediates/incremental/release-mergeJavaRes/zip-cache/t150wKwAWvrEu+g27uK5+w==","9735"
"build/app/intermediates/incremental/release-mergeJavaRes/zip-cache/VDBcUSM1gNfWmROBzUiomw==","39406"
"build/app/intermediates/incremental/release-mergeJavaRes/zip-cache/VpNysWRbPOEdijCUaxEG0w==","3872"
"build/app/intermediates/incremental/release-mergeJavaRes/zip-cache/Vx_iKRnnorgfrKsDEGfgWA==","8904"
"build/app/intermediates/incremental/release-mergeJavaRes/zip-cache/XX7oMKvGnyXdpIVFiSK0ZQ==","20942"
"build/app/intermediates/incremental/release-mergeJavaRes/zip-cache/YvVh0pgTFb12Gwegw9mDvw==","1182"
"build/app/intermediates/incremental/release-mergeJavaRes/zip-cache/zDD+lsYspObkPTkus_+lUw==","3729"
"build/app/intermediates/incremental/release-mergeJavaRes/zip-cache/ZopXjjvUU7xmsM1ZkS+etA==","483"
"build/app/intermediates/incremental/release/mergeReleaseResources/compile-file-map.properties","1413"
"build/app/intermediates/incremental/release/mergeReleaseResources/merged.dir/values-af/values-af.xml","896"
"build/app/intermediates/incremental/release/mergeReleaseResources/merged.dir/values-am/values-am.xml","929"
"build/app/intermediates/incremental/release/mergeReleaseResources/merged.dir/values-ar/values-ar.xml","940"
"build/app/intermediates/incremental/release/mergeReleaseResources/merged.dir/values-as/values-as.xml","1110"
"build/app/intermediates/incremental/release/mergeReleaseResources/merged.dir/values-az/values-az.xml","905"
"build/app/intermediates/incremental/release/mergeReleaseResources/merged.dir/values-b+sr+Latn/values-b+sr+Latn.xml","890"
"build/app/intermediates/incremental/release/mergeReleaseResources/merged.dir/values-be/values-be.xml","980"
"build/app/intermediates/incremental/release/mergeReleaseResources/merged.dir/values-bg/values-bg.xml","999"
"build/app/intermediates/incremental/release/mergeReleaseResources/merged.dir/values-bn/values-bn.xml","1051"
"build/app/intermediates/incremental/release/mergeReleaseResources/merged.dir/values-bs/values-bs.xml","889"
"build/app/intermediates/incremental/release/mergeReleaseResources/merged.dir/values-ca/values-ca.xml","897"
"build/app/intermediates/incremental/release/mergeReleaseResources/merged.dir/values-cs/values-cs.xml","911"
"build/app/intermediates/incremental/release/mergeReleaseResources/merged.dir/values-da/values-da.xml","896"
"build/app/intermediates/incremental/release/mergeReleaseResources/merged.dir/values-de/values-de.xml","896"
"build/app/intermediates/incremental/release/mergeReleaseResources/merged.dir/values-el/values-el.xml","987"
"build/app/intermediates/incremental/release/mergeReleaseResources/merged.dir/values-en-rAU/values-en-rAU.xml","883"
"build/app/intermediates/incremental/release/mergeReleaseResources/merged.dir/values-en-rCA/values-en-rCA.xml","882"
"build/app/intermediates/incremental/release/mergeReleaseResources/merged.dir/values-en-rGB/values-en-rGB.xml","883"
"build/app/intermediates/incremental/release/mergeReleaseResources/merged.dir/values-en-rIN/values-en-rIN.xml","883"
"build/app/intermediates/incremental/release/mergeReleaseResources/merged.dir/values-en-rXC/values-en-rXC.xml","3318"
"build/app/intermediates/incremental/release/mergeReleaseResources/merged.dir/values-es-rUS/values-es-rUS.xml","896"
"build/app/intermediates/incremental/release/mergeReleaseResources/merged.dir/values-es/values-es.xml","897"
"build/app/intermediates/incremental/release/mergeReleaseResources/merged.dir/values-et/values-et.xml","899"
"build/app/intermediates/incremental/release/mergeReleaseResources/merged.dir/values-eu/values-eu.xml","895"
"build/app/intermediates/incremental/release/mergeReleaseResources/merged.dir/values-fa/values-fa.xml","960"
"build/app/intermediates/incremental/release/mergeReleaseResources/merged.dir/values-fi/values-fi.xml","902"
"build/app/intermediates/incremental/release/mergeReleaseResources/merged.dir/values-fr-rCA/values-fr-rCA.xml","889"
"build/app/intermediates/incremental/release/mergeReleaseResources/merged.dir/values-fr/values-fr.xml","893"
"build/app/intermediates/incremental/release/mergeReleaseResources/merged.dir/values-gl/values-gl.xml","893"
"build/app/intermediates/incremental/release/mergeReleaseResources/merged.dir/values-gu/values-gu.xml","1020"
"build/app/intermediates/incremental/release/mergeReleaseResources/merged.dir/values-hi/values-hi.xml","1103"
"build/app/intermediates/incremental/release/mergeReleaseResources/merged.dir/values-hr/values-hr.xml","890"
"build/app/intermediates/incremental/release/mergeReleaseResources/merged.dir/values-hu/values-hu.xml","903"
"build/app/intermediates/incremental/release/mergeReleaseResources/merged.dir/values-hy/values-hy.xml","958"
"build/app/intermediates/incremental/release/mergeReleaseResources/merged.dir/values-in/values-in.xml","894"
"build/app/intermediates/incremental/release/mergeReleaseResources/merged.dir/values-is/values-is.xml","888"
"build/app/intermediates/incremental/release/mergeReleaseResources/merged.dir/values-it/values-it.xml","911"
"build/app/intermediates/incremental/release/mergeReleaseResources/merged.dir/values-iw/values-iw.xml","912"
"build/app/intermediates/incremental/release/mergeReleaseResources/merged.dir/values-ja/values-ja.xml","887"
"build/app/intermediates/incremental/release/mergeReleaseResources/merged.dir/values-ka/values-ka.xml","1044"
"build/app/intermediates/incremental/release/mergeReleaseResources/merged.dir/values-kk/values-kk.xml","946"
"build/app/intermediates/incremental/release/mergeReleaseResources/merged.dir/values-km/values-km.xml","1043"
"build/app/intermediates/incremental/release/mergeReleaseResources/merged.dir/values-kn/values-kn.xml","1103"
"build/app/intermediates/incremental/release/mergeReleaseResources/merged.dir/values-ko/values-ko.xml","897"
"build/app/intermediates/incremental/release/mergeReleaseResources/merged.dir/values-ky/values-ky.xml","977"
"build/app/intermediates/incremental/release/mergeReleaseResources/merged.dir/values-lo/values-lo.xml","998"
"build/app/intermediates/incremental/release/mergeReleaseResources/merged.dir/values-lt/values-lt.xml","918"
"build/app/intermediates/incremental/release/mergeReleaseResources/merged.dir/values-lv/values-lv.xml","907"
"build/app/intermediates/incremental/release/mergeReleaseResources/merged.dir/values-mk/values-mk.xml","955"
"build/app/intermediates/incremental/release/mergeReleaseResources/merged.dir/values-ml/values-ml.xml","1077"
"build/app/intermediates/incremental/release/mergeReleaseResources/merged.dir/values-mn/values-mn.xml","986"
"build/app/intermediates/incremental/release/mergeReleaseResources/merged.dir/values-mr/values-mr.xml","1060"
"build/app/intermediates/incremental/release/mergeReleaseResources/merged.dir/values-ms/values-ms.xml","907"
"build/app/intermediates/incremental/release/mergeReleaseResources/merged.dir/values-my/values-my.xml","1110"
"build/app/intermediates/incremental/release/mergeReleaseResources/merged.dir/values-nb/values-nb.xml","893"
"build/app/intermediates/incremental/release/mergeReleaseResources/merged.dir/values-ne/values-ne.xml","1032"
"build/app/intermediates/incremental/release/mergeReleaseResources/merged.dir/values-night-v8/values-night-v8.xml","413"
"build/app/intermediates/incremental/release/mergeReleaseResources/merged.dir/values-nl/values-nl.xml","898"
"build/app/intermediates/incremental/release/mergeReleaseResources/merged.dir/values-or/values-or.xml","1067"
"build/app/intermediates/incremental/release/mergeReleaseResources/merged.dir/values-pa/values-pa.xml","1055"
"build/app/intermediates/incremental/release/mergeReleaseResources/merged.dir/values-pl/values-pl.xml","913"
"build/app/intermediates/incremental/release/mergeReleaseResources/merged.dir/values-pt-rBR/values-pt-rBR.xml","902"
"build/app/intermediates/incremental/release/mergeReleaseResources/merged.dir/values-pt-rPT/values-pt-rPT.xml","899"
"build/app/intermediates/incremental/release/mergeReleaseResources/merged.dir/values-pt/values-pt.xml","902"
"build/app/intermediates/incremental/release/mergeReleaseResources/merged.dir/values-ro/values-ro.xml","897"
"build/app/intermediates/incremental/release/mergeReleaseResources/merged.dir/values-ru/values-ru.xml","972"
"build/app/intermediates/incremental/release/mergeReleaseResources/merged.dir/values-si/values-si.xml","1056"
"build/app/intermediates/incremental/release/mergeReleaseResources/merged.dir/values-sk/values-sk.xml","910"
"build/app/intermediates/incremental/release/mergeReleaseResources/merged.dir/values-sl/values-sl.xml","887"
"build/app/intermediates/incremental/release/mergeReleaseResources/merged.dir/values-sq/values-sq.xml","909"
"build/app/intermediates/incremental/release/mergeReleaseResources/merged.dir/values-sr/values-sr.xml","966"
"build/app/intermediates/incremental/release/mergeReleaseResources/merged.dir/values-sv/values-sv.xml","896"
"build/app/intermediates/incremental/release/mergeReleaseResources/merged.dir/values-sw/values-sw.xml","887"
"build/app/intermediates/incremental/release/mergeReleaseResources/merged.dir/values-ta/values-ta.xml","1106"
"build/app/intermediates/incremental/release/mergeReleaseResources/merged.dir/values-te/values-te.xml","1114"
"build/app/intermediates/incremental/release/mergeReleaseResources/merged.dir/values-th/values-th.xml","1025"
"build/app/intermediates/incremental/release/mergeReleaseResources/merged.dir/values-tl/values-tl.xml","898"
"build/app/intermediates/incremental/release/mergeReleaseResources/merged.dir/values-tr/values-tr.xml","881"
"build/app/intermediates/incremental/release/mergeReleaseResources/merged.dir/values-uk/values-uk.xml","970"
"build/app/intermediates/incremental/release/mergeReleaseResources/merged.dir/values-ur/values-ur.xml","953"
"build/app/intermediates/incremental/release/mergeReleaseResources/merged.dir/values-uz/values-uz.xml","900"
"build/app/intermediates/incremental/release/mergeReleaseResources/merged.dir/values-v21/values-v21.xml","1396"
"build/app/intermediates/incremental/release/mergeReleaseResources/merged.dir/values-vi/values-vi.xml","932"
"build/app/intermediates/incremental/release/mergeReleaseResources/merged.dir/values-zh-rCN/values-zh-rCN.xml","872"
"build/app/intermediates/incremental/release/mergeReleaseResources/merged.dir/values-zh-rHK/values-zh-rHK.xml","863"
"build/app/intermediates/incremental/release/mergeReleaseResources/merged.dir/values-zh-rTW/values-zh-rTW.xml","863"
"build/app/intermediates/incremental/release/mergeReleaseResources/merged.dir/values-zu/values-zu.xml","894"
"build/app/intermediates/incremental/release/mergeReleaseResources/merged.dir/values/values.xml","15136"
"build/app/intermediates/incremental/release/mergeReleaseResources/merger.xml","134653"
"build/app/intermediates/incremental/release/packageReleaseResources/compile-file-map.properties","1422"
"build/app/intermediates/incremental/release/packageReleaseResources/merged.dir/values-night-v8/values-night-v8.xml","413"
"build/app/intermediates/incremental/release/packageReleaseResources/merged.dir/values/values.xml","413"
"build/app/intermediates/incremental/release/packageReleaseResources/merger.xml","4009"
"build/app/intermediates/java_res/debug/processDebugJavaRes/out/META-INF/android_app_debug.kotlin_module","24"
"build/app/intermediates/java_res/profile/processProfileJavaRes/out/META-INF/android_app_profile.kotlin_module","24"
"build/app/intermediates/java_res/release/processReleaseJavaRes/out/kotlin-tooling-metadata.json","625"
"build/app/intermediates/java_res/release/processReleaseJavaRes/out/META-INF/android_app_release.kotlin_module","24"
"build/app/intermediates/javac/debug/compileDebugJavaWithJavac/classes/io/flutter/plugins/GeneratedPluginRegistrant.class","766"
"build/app/intermediates/javac/profile/compileProfileJavaWithJavac/classes/io/flutter/plugins/GeneratedPluginRegistrant.class","766"
"build/app/intermediates/javac/release/compileReleaseJavaWithJavac/classes/io/flutter/plugins/GeneratedPluginRegistrant.class","766"
"build/app/intermediates/linked_resources_binary_format/debug/processDebugResources/linked-resources-binary-format-debug.ap_","111169"
"build/app/intermediates/linked_resources_binary_format/debug/processDebugResources/output-metadata.json","425"
"build/app/intermediates/linked_resources_binary_format/profile/processProfileResources/linked-resources-binary-format-profile.ap_","111169"
"build/app/intermediates/linked_resources_binary_format/profile/processProfileResources/output-metadata.json","429"
"build/app/intermediates/linked_resources_proto_format/release/processReleaseResources/linked-resources-proto-format-arm64-v8aRelease.ap_","76467"
"build/app/intermediates/linked_resources_proto_format/release/processReleaseResources/linked-resources-proto-format-armeabi-v7aRelease.ap_","76466"
"build/app/intermediates/linked_resources_proto_format/release/processReleaseResources/linked-resources-proto-format-x86_64Release.ap_","76467"
"build/app/intermediates/linked_resources_proto_format/release/processReleaseResources/output-metadata.json","1143"
"build/app/intermediates/lint_vital_intermediate_text_report/release/lintVitalReportRelease/lint-results-release.txt","17"
"build/app/intermediates/lint_vital_output/release/lintVitalRelease/lint-vital-output.dat","0"
"build/app/intermediates/lint_vital_partial_results/release/lintVitalAnalyzeRelease/out/lint-resources.xml","1396"
"build/app/intermediates/lint_vital_report_lint_model/release/generateReleaseLintVitalReportModel/module.xml","732"
"build/app/intermediates/lint_vital_report_lint_model/release/generateReleaseLintVitalReportModel/release-artifact-dependencies.xml","16250"
"build/app/intermediates/lint_vital_report_lint_model/release/generateReleaseLintVitalReportModel/release-artifact-libraries.xml","25264"
"build/app/intermediates/lint_vital_report_lint_model/release/generateReleaseLintVitalReportModel/release.xml","2417"
"build/app/intermediates/lint_vital_return_value/release/lintVitalReportRelease/return-value-release.txt","1"
"build/app/intermediates/lint-cache/lintVitalAnalyzeRelease/lint-cache-version.txt","30"
"build/app/intermediates/lint-cache/lintVitalReportRelease/lint-cache-version.txt","30"
"build/app/intermediates/local_only_symbol_list/debug/parseDebugLocalResources/R-def.txt","137"
"build/app/intermediates/local_only_symbol_list/profile/parseProfileLocalResources/R-def.txt","137"
"build/app/intermediates/local_only_symbol_list/release/parseReleaseLocalResources/R-def.txt","137"
"build/app/intermediates/manifest_merge_blame_file/debug/processDebugMainManifest/manifest-merger-blame-debug-report.txt","14065"
"build/app/intermediates/manifest_merge_blame_file/profile/processProfileMainManifest/manifest-merger-blame-profile-report.txt","14069"
"build/app/intermediates/manifest_merge_blame_file/release/processReleaseMainManifest/manifest-merger-blame-release-report.txt","15868"
"build/app/intermediates/merged_art_profile/release/mergeReleaseArtProfile/baseline-prof.txt","65278"
"build/app/intermediates/merged_java_res/debug/mergeDebugJavaResource/base.jar","20156"
"build/app/intermediates/merged_java_res/profile/mergeProfileJavaResource/base.jar","20156"
"build/app/intermediates/merged_java_res/release/mergeReleaseJavaResource/base.jar","20571"
"build/app/intermediates/merged_java_res/release/minifyReleaseWithR8/base.jar","21718"
"build/app/intermediates/merged_jni_libs/profile/mergeProfileJniLibFolders/out/arm64-v8a/libapp.so","7647880"
"build/app/intermediates/merged_jni_libs/profile/mergeProfileJniLibFolders/out/armeabi-v7a/libapp.so","7807272"
"build/app/intermediates/merged_jni_libs/profile/mergeProfileJniLibFolders/out/x86_64/libapp.so","7783968"
"build/app/intermediates/merged_jni_libs/release/mergeReleaseJniLibFolders/out/arm64-v8a/libapp.so","4618824"
"build/app/intermediates/merged_jni_libs/release/mergeReleaseJniLibFolders/out/armeabi-v7a/libapp.so","4741260"
"build/app/intermediates/merged_jni_libs/release/mergeReleaseJniLibFolders/out/x86_64/libapp.so","4684912"
"build/app/intermediates/merged_manifest/debug/outputDebugAppLinkSettings/AndroidManifest.xml","4965"
"build/app/intermediates/merged_manifest/debug/processDebugMainManifest/AndroidManifest.xml","4965"
"build/app/intermediates/merged_manifest/profile/outputProfileAppLinkSettings/AndroidManifest.xml","4965"
"build/app/intermediates/merged_manifest/profile/processProfileMainManifest/AndroidManifest.xml","4965"
"build/app/intermediates/merged_manifest/release/outputReleaseAppLinkSettings/AndroidManifest.xml","4625"
"build/app/intermediates/merged_manifest/release/processReleaseMainManifest/AndroidManifest.xml","4625"
"build/app/intermediates/merged_manifests/debug/processDebugManifest/AndroidManifest.xml","4965"
"build/app/intermediates/merged_manifests/debug/processDebugManifest/output-metadata.json","390"
"build/app/intermediates/merged_manifests/profile/processProfileManifest/AndroidManifest.xml","4965"
"build/app/intermediates/merged_manifests/profile/processProfileManifest/output-metadata.json","392"
"build/app/intermediates/merged_manifests/release/processReleaseManifest/arm64-v8a/AndroidManifest.xml","4625"
"build/app/intermediates/merged_manifests/release/processReleaseManifest/armeabi-v7a/AndroidManifest.xml","4625"
"build/app/intermediates/merged_manifests/release/processReleaseManifest/output-metadata.json","1067"
"build/app/intermediates/merged_manifests/release/processReleaseManifest/x86_64/AndroidManifest.xml","4625"
"build/app/intermediates/merged_native_libs/debug/mergeDebugNativeLibs/out/lib/arm64-v8a/libflutter.so","395316440"
"build/app/intermediates/merged_native_libs/debug/mergeDebugNativeLibs/out/lib/arm64-v8a/libVkLayer_khronos_validation.so","248644248"
"build/app/intermediates/merged_native_libs/debug/mergeDebugNativeLibs/out/lib/armeabi-v7a/libflutter.so","348884936"
"build/app/intermediates/merged_native_libs/debug/mergeDebugNativeLibs/out/lib/x86_64/libflutter.so","390001840"
"build/app/intermediates/merged_native_libs/profile/mergeProfileNativeLibs/out/lib/arm64-v8a/libapp.so","7647880"
"build/app/intermediates/merged_native_libs/profile/mergeProfileNativeLibs/out/lib/arm64-v8a/libflutter.so","173880304"
"build/app/intermediates/merged_native_libs/profile/mergeProfileNativeLibs/out/lib/arm64-v8a/libvmservice_snapshot.so","2373032"
"build/app/intermediates/merged_native_libs/profile/mergeProfileNativeLibs/out/lib/armeabi-v7a/libapp.so","7807272"
"build/app/intermediates/merged_native_libs/profile/mergeProfileNativeLibs/out/lib/armeabi-v7a/libflutter.so","158892120"
"build/app/intermediates/merged_native_libs/profile/mergeProfileNativeLibs/out/lib/armeabi-v7a/libvmservice_snapshot.so","2508176"
"build/app/intermediates/merged_native_libs/profile/mergeProfileNativeLibs/out/lib/x86_64/libapp.so","7783968"
"build/app/intermediates/merged_native_libs/profile/mergeProfileNativeLibs/out/lib/x86_64/libflutter.so","174422960"
"build/app/intermediates/merged_native_libs/profile/mergeProfileNativeLibs/out/lib/x86_64/libvmservice_snapshot.so","2438392"
"build/app/intermediates/merged_native_libs/release/mergeReleaseNativeLibs/out/lib/arm64-v8a/libapp.so","4618824"
"build/app/intermediates/merged_native_libs/release/mergeReleaseNativeLibs/out/lib/arm64-v8a/libflutter.so","165164528"
"build/app/intermediates/merged_native_libs/release/mergeReleaseNativeLibs/out/lib/armeabi-v7a/libapp.so","4741260"
"build/app/intermediates/merged_native_libs/release/mergeReleaseNativeLibs/out/lib/armeabi-v7a/libflutter.so","151593280"
"build/app/intermediates/merged_native_libs/release/mergeReleaseNativeLibs/out/lib/x86_64/libapp.so","4684912"
"build/app/intermediates/merged_native_libs/release/mergeReleaseNativeLibs/out/lib/x86_64/libflutter.so","165996904"
"build/app/intermediates/merged_res_blame_folder/debug/mergeDebugResources/out/multi-v2/mergeDebugResources.json","79307"
"build/app/intermediates/merged_res_blame_folder/debug/mergeDebugResources/out/multi-v2/values-af.json","787"
"build/app/intermediates/merged_res_blame_folder/debug/mergeDebugResources/out/multi-v2/values-am.json","784"
"build/app/intermediates/merged_res_blame_folder/debug/mergeDebugResources/out/multi-v2/values-ar.json","788"
"build/app/intermediates/merged_res_blame_folder/debug/mergeDebugResources/out/multi-v2/values-as.json","789"
"build/app/intermediates/merged_res_blame_folder/debug/mergeDebugResources/out/multi-v2/values-az.json","790"
"build/app/intermediates/merged_res_blame_folder/debug/mergeDebugResources/out/multi-v2/values-b+sr+Latn.json","816"
"build/app/intermediates/merged_res_blame_folder/debug/mergeDebugResources/out/multi-v2/values-be.json","788"
"build/app/intermediates/merged_res_blame_folder/debug/mergeDebugResources/out/multi-v2/values-bg.json","789"
"build/app/intermediates/merged_res_blame_folder/debug/mergeDebugResources/out/multi-v2/values-bn.json","789"
"build/app/intermediates/merged_res_blame_folder/debug/mergeDebugResources/out/multi-v2/values-bs.json","788"
"build/app/intermediates/merged_res_blame_folder/debug/mergeDebugResources/out/multi-v2/values-ca.json","787"
"build/app/intermediates/merged_res_blame_folder/debug/mergeDebugResources/out/multi-v2/values-cs.json","788"
"build/app/intermediates/merged_res_blame_folder/debug/mergeDebugResources/out/multi-v2/values-da.json","787"
"build/app/intermediates/merged_res_blame_folder/debug/mergeDebugResources/out/multi-v2/values-de.json","787"
"build/app/intermediates/merged_res_blame_folder/debug/mergeDebugResources/out/multi-v2/values-el.json","788"
"build/app/intermediates/merged_res_blame_folder/debug/mergeDebugResources/out/multi-v2/values-en-rAU.json","803"
"build/app/intermediates/merged_res_blame_folder/debug/mergeDebugResources/out/multi-v2/values-en-rCA.json","803"
"build/app/intermediates/merged_res_blame_folder/debug/mergeDebugResources/out/multi-v2/values-en-rGB.json","803"
"build/app/intermediates/merged_res_blame_folder/debug/mergeDebugResources/out/multi-v2/values-en-rIN.json","803"
"build/app/intermediates/merged_res_blame_folder/debug/mergeDebugResources/out/multi-v2/values-en-rXC.json","813"
"build/app/intermediates/merged_res_blame_folder/debug/mergeDebugResources/out/multi-v2/values-es-rUS.json","803"
"build/app/intermediates/merged_res_blame_folder/debug/mergeDebugResources/out/multi-v2/values-es.json","787"
"build/app/intermediates/merged_res_blame_folder/debug/mergeDebugResources/out/multi-v2/values-et.json","788"
"build/app/intermediates/merged_res_blame_folder/debug/mergeDebugResources/out/multi-v2/values-eu.json","788"
"build/app/intermediates/merged_res_blame_folder/debug/mergeDebugResources/out/multi-v2/values-fa.json","787"
"build/app/intermediates/merged_res_blame_folder/debug/mergeDebugResources/out/multi-v2/values-fi.json","788"
"build/app/intermediates/merged_res_blame_folder/debug/mergeDebugResources/out/multi-v2/values-fr-rCA.json","804"
"build/app/intermediates/merged_res_blame_folder/debug/mergeDebugResources/out/multi-v2/values-fr.json","788"
"build/app/intermediates/merged_res_blame_folder/debug/mergeDebugResources/out/multi-v2/values-gl.json","787"
"build/app/intermediates/merged_res_blame_folder/debug/mergeDebugResources/out/multi-v2/values-gu.json","787"
"build/app/intermediates/merged_res_blame_folder/debug/mergeDebugResources/out/multi-v2/values-hi.json","789"
"build/app/intermediates/merged_res_blame_folder/debug/mergeDebugResources/out/multi-v2/values-hr.json","787"
"build/app/intermediates/merged_res_blame_folder/debug/mergeDebugResources/out/multi-v2/values-hu.json","789"
"build/app/intermediates/merged_res_blame_folder/debug/mergeDebugResources/out/multi-v2/values-hy.json","787"
"build/app/intermediates/merged_res_blame_folder/debug/mergeDebugResources/out/multi-v2/values-in.json","787"
"build/app/intermediates/merged_res_blame_folder/debug/mergeDebugResources/out/multi-v2/values-is.json","787"
"build/app/intermediates/merged_res_blame_folder/debug/mergeDebugResources/out/multi-v2/values-it.json","788"
"build/app/intermediates/merged_res_blame_folder/debug/mergeDebugResources/out/multi-v2/values-iw.json","786"
"build/app/intermediates/merged_res_blame_folder/debug/mergeDebugResources/out/multi-v2/values-ja.json","784"
"build/app/intermediates/merged_res_blame_folder/debug/mergeDebugResources/out/multi-v2/values-ka.json","787"
"build/app/intermediates/merged_res_blame_folder/debug/mergeDebugResources/out/multi-v2/values-kk.json","788"
"build/app/intermediates/merged_res_blame_folder/debug/mergeDebugResources/out/multi-v2/values-km.json","787"
"build/app/intermediates/merged_res_blame_folder/debug/mergeDebugResources/out/multi-v2/values-kn.json","789"
"build/app/intermediates/merged_res_blame_folder/debug/mergeDebugResources/out/multi-v2/values-ko.json","783"
"build/app/intermediates/merged_res_blame_folder/debug/mergeDebugResources/out/multi-v2/values-ky.json","789"
"build/app/intermediates/merged_res_blame_folder/debug/mergeDebugResources/out/multi-v2/values-lo.json","786"
"build/app/intermediates/merged_res_blame_folder/debug/mergeDebugResources/out/multi-v2/values-lt.json","788"
"build/app/intermediates/merged_res_blame_folder/debug/mergeDebugResources/out/multi-v2/values-lv.json","788"
"build/app/intermediates/merged_res_blame_folder/debug/mergeDebugResources/out/multi-v2/values-mk.json","787"
"build/app/intermediates/merged_res_blame_folder/debug/mergeDebugResources/out/multi-v2/values-ml.json","790"
"build/app/intermediates/merged_res_blame_folder/debug/mergeDebugResources/out/multi-v2/values-mn.json","788"
"build/app/intermediates/merged_res_blame_folder/debug/mergeDebugResources/out/multi-v2/values-mr.json","789"
"build/app/intermediates/merged_res_blame_folder/debug/mergeDebugResources/out/multi-v2/values-ms.json","788"
"build/app/intermediates/merged_res_blame_folder/debug/mergeDebugResources/out/multi-v2/values-my.json","790"
"build/app/intermediates/merged_res_blame_folder/debug/mergeDebugResources/out/multi-v2/values-nb.json","787"
"build/app/intermediates/merged_res_blame_folder/debug/mergeDebugResources/out/multi-v2/values-ne.json","788"
"build/app/intermediates/merged_res_blame_folder/debug/mergeDebugResources/out/multi-v2/values-night-v8.json","1038"
"build/app/intermediates/merged_res_blame_folder/debug/mergeDebugResources/out/multi-v2/values-nl.json","788"
"build/app/intermediates/merged_res_blame_folder/debug/mergeDebugResources/out/multi-v2/values-or.json","790"
"build/app/intermediates/merged_res_blame_folder/debug/mergeDebugResources/out/multi-v2/values-pa.json","788"
"build/app/intermediates/merged_res_blame_folder/debug/mergeDebugResources/out/multi-v2/values-pl.json","787"
"build/app/intermediates/merged_res_blame_folder/debug/mergeDebugResources/out/multi-v2/values-pt-rBR.json","803"
"build/app/intermediates/merged_res_blame_folder/debug/mergeDebugResources/out/multi-v2/values-pt-rPT.json","803"
"build/app/intermediates/merged_res_blame_folder/debug/mergeDebugResources/out/multi-v2/values-pt.json","787"
"build/app/intermediates/merged_res_blame_folder/debug/mergeDebugResources/out/multi-v2/values-ro.json","787"
"build/app/intermediates/merged_res_blame_folder/debug/mergeDebugResources/out/multi-v2/values-ru.json","789"
"build/app/intermediates/merged_res_blame_folder/debug/mergeDebugResources/out/multi-v2/values-si.json","789"
"build/app/intermediates/merged_res_blame_folder/debug/mergeDebugResources/out/multi-v2/values-sk.json","788"
"build/app/intermediates/merged_res_blame_folder/debug/mergeDebugResources/out/multi-v2/values-sl.json","788"
"build/app/intermediates/merged_res_blame_folder/debug/mergeDebugResources/out/multi-v2/values-sq.json","787"
"build/app/intermediates/merged_res_blame_folder/debug/mergeDebugResources/out/multi-v2/values-sr.json","788"
"build/app/intermediates/merged_res_blame_folder/debug/mergeDebugResources/out/multi-v2/values-sv.json","787"
"build/app/intermediates/merged_res_blame_folder/debug/mergeDebugResources/out/multi-v2/values-sw.json","788"
"build/app/intermediates/merged_res_blame_folder/debug/mergeDebugResources/out/multi-v2/values-ta.json","787"
"build/app/intermediates/merged_res_blame_folder/debug/mergeDebugResources/out/multi-v2/values-te.json","790"
"build/app/intermediates/merged_res_blame_folder/debug/mergeDebugResources/out/multi-v2/values-th.json","787"
"build/app/intermediates/merged_res_blame_folder/debug/mergeDebugResources/out/multi-v2/values-tl.json","788"
"build/app/intermediates/merged_res_blame_folder/debug/mergeDebugResources/out/multi-v2/values-tr.json","787"
"build/app/intermediates/merged_res_blame_folder/debug/mergeDebugResources/out/multi-v2/values-uk.json","789"
"build/app/intermediates/merged_res_blame_folder/debug/mergeDebugResources/out/multi-v2/values-ur.json","788"
"build/app/intermediates/merged_res_blame_folder/debug/mergeDebugResources/out/multi-v2/values-uz.json","789"
"build/app/intermediates/merged_res_blame_folder/debug/mergeDebugResources/out/multi-v2/values-v21.json","887"
"build/app/intermediates/merged_res_blame_folder/debug/mergeDebugResources/out/multi-v2/values-vi.json","787"
"build/app/intermediates/merged_res_blame_folder/debug/mergeDebugResources/out/multi-v2/values-zh-rCN.json","800"
"build/app/intermediates/merged_res_blame_folder/debug/mergeDebugResources/out/multi-v2/values-zh-rHK.json","799"
"build/app/intermediates/merged_res_blame_folder/debug/mergeDebugResources/out/multi-v2/values-zh-rTW.json","799"
"build/app/intermediates/merged_res_blame_folder/debug/mergeDebugResources/out/multi-v2/values-zu.json","788"
"build/app/intermediates/merged_res_blame_folder/debug/mergeDebugResources/out/multi-v2/values.json","12832"
"build/app/intermediates/merged_res_blame_folder/debug/mergeDebugResources/out/single/mergeDebugResources.json","1120"
"build/app/intermediates/merged_res_blame_folder/profile/mergeProfileResources/out/multi-v2/mergeProfileResources.json","79483"
"build/app/intermediates/merged_res_blame_folder/profile/mergeProfileResources/out/multi-v2/values-af.json","789"
"build/app/intermediates/merged_res_blame_folder/profile/mergeProfileResources/out/multi-v2/values-am.json","786"
"build/app/intermediates/merged_res_blame_folder/profile/mergeProfileResources/out/multi-v2/values-ar.json","790"
"build/app/intermediates/merged_res_blame_folder/profile/mergeProfileResources/out/multi-v2/values-as.json","791"
"build/app/intermediates/merged_res_blame_folder/profile/mergeProfileResources/out/multi-v2/values-az.json","792"
"build/app/intermediates/merged_res_blame_folder/profile/mergeProfileResources/out/multi-v2/values-b+sr+Latn.json","818"
"build/app/intermediates/merged_res_blame_folder/profile/mergeProfileResources/out/multi-v2/values-be.json","790"
"build/app/intermediates/merged_res_blame_folder/profile/mergeProfileResources/out/multi-v2/values-bg.json","791"
"build/app/intermediates/merged_res_blame_folder/profile/mergeProfileResources/out/multi-v2/values-bn.json","791"
"build/app/intermediates/merged_res_blame_folder/profile/mergeProfileResources/out/multi-v2/values-bs.json","790"
"build/app/intermediates/merged_res_blame_folder/profile/mergeProfileResources/out/multi-v2/values-ca.json","789"
"build/app/intermediates/merged_res_blame_folder/profile/mergeProfileResources/out/multi-v2/values-cs.json","790"
"build/app/intermediates/merged_res_blame_folder/profile/mergeProfileResources/out/multi-v2/values-da.json","789"
"build/app/intermediates/merged_res_blame_folder/profile/mergeProfileResources/out/multi-v2/values-de.json","789"
"build/app/intermediates/merged_res_blame_folder/profile/mergeProfileResources/out/multi-v2/values-el.json","790"
"build/app/intermediates/merged_res_blame_folder/profile/mergeProfileResources/out/multi-v2/values-en-rAU.json","805"
"build/app/intermediates/merged_res_blame_folder/profile/mergeProfileResources/out/multi-v2/values-en-rCA.json","805"
"build/app/intermediates/merged_res_blame_folder/profile/mergeProfileResources/out/multi-v2/values-en-rGB.json","805"
"build/app/intermediates/merged_res_blame_folder/profile/mergeProfileResources/out/multi-v2/values-en-rIN.json","805"
"build/app/intermediates/merged_res_blame_folder/profile/mergeProfileResources/out/multi-v2/values-en-rXC.json","815"
"build/app/intermediates/merged_res_blame_folder/profile/mergeProfileResources/out/multi-v2/values-es-rUS.json","805"
"build/app/intermediates/merged_res_blame_folder/profile/mergeProfileResources/out/multi-v2/values-es.json","789"
"build/app/intermediates/merged_res_blame_folder/profile/mergeProfileResources/out/multi-v2/values-et.json","790"
"build/app/intermediates/merged_res_blame_folder/profile/mergeProfileResources/out/multi-v2/values-eu.json","790"
"build/app/intermediates/merged_res_blame_folder/profile/mergeProfileResources/out/multi-v2/values-fa.json","789"
"build/app/intermediates/merged_res_blame_folder/profile/mergeProfileResources/out/multi-v2/values-fi.json","790"
"build/app/intermediates/merged_res_blame_folder/profile/mergeProfileResources/out/multi-v2/values-fr-rCA.json","806"
"build/app/intermediates/merged_res_blame_folder/profile/mergeProfileResources/out/multi-v2/values-fr.json","790"
"build/app/intermediates/merged_res_blame_folder/profile/mergeProfileResources/out/multi-v2/values-gl.json","789"
"build/app/intermediates/merged_res_blame_folder/profile/mergeProfileResources/out/multi-v2/values-gu.json","789"
"build/app/intermediates/merged_res_blame_folder/profile/mergeProfileResources/out/multi-v2/values-hi.json","791"
"build/app/intermediates/merged_res_blame_folder/profile/mergeProfileResources/out/multi-v2/values-hr.json","789"
"build/app/intermediates/merged_res_blame_folder/profile/mergeProfileResources/out/multi-v2/values-hu.json","791"
"build/app/intermediates/merged_res_blame_folder/profile/mergeProfileResources/out/multi-v2/values-hy.json","789"
"build/app/intermediates/merged_res_blame_folder/profile/mergeProfileResources/out/multi-v2/values-in.json","789"
"build/app/intermediates/merged_res_blame_folder/profile/mergeProfileResources/out/multi-v2/values-is.json","789"
"build/app/intermediates/merged_res_blame_folder/profile/mergeProfileResources/out/multi-v2/values-it.json","790"
"build/app/intermediates/merged_res_blame_folder/profile/mergeProfileResources/out/multi-v2/values-iw.json","788"
"build/app/intermediates/merged_res_blame_folder/profile/mergeProfileResources/out/multi-v2/values-ja.json","786"
"build/app/intermediates/merged_res_blame_folder/profile/mergeProfileResources/out/multi-v2/values-ka.json","789"
"build/app/intermediates/merged_res_blame_folder/profile/mergeProfileResources/out/multi-v2/values-kk.json","790"
"build/app/intermediates/merged_res_blame_folder/profile/mergeProfileResources/out/multi-v2/values-km.json","789"
"build/app/intermediates/merged_res_blame_folder/profile/mergeProfileResources/out/multi-v2/values-kn.json","791"
"build/app/intermediates/merged_res_blame_folder/profile/mergeProfileResources/out/multi-v2/values-ko.json","785"
"build/app/intermediates/merged_res_blame_folder/profile/mergeProfileResources/out/multi-v2/values-ky.json","791"
"build/app/intermediates/merged_res_blame_folder/profile/mergeProfileResources/out/multi-v2/values-lo.json","788"
"build/app/intermediates/merged_res_blame_folder/profile/mergeProfileResources/out/multi-v2/values-lt.json","790"
"build/app/intermediates/merged_res_blame_folder/profile/mergeProfileResources/out/multi-v2/values-lv.json","790"
"build/app/intermediates/merged_res_blame_folder/profile/mergeProfileResources/out/multi-v2/values-mk.json","789"
"build/app/intermediates/merged_res_blame_folder/profile/mergeProfileResources/out/multi-v2/values-ml.json","792"
"build/app/intermediates/merged_res_blame_folder/profile/mergeProfileResources/out/multi-v2/values-mn.json","790"
"build/app/intermediates/merged_res_blame_folder/profile/mergeProfileResources/out/multi-v2/values-mr.json","791"
"build/app/intermediates/merged_res_blame_folder/profile/mergeProfileResources/out/multi-v2/values-ms.json","790"
"build/app/intermediates/merged_res_blame_folder/profile/mergeProfileResources/out/multi-v2/values-my.json","792"
"build/app/intermediates/merged_res_blame_folder/profile/mergeProfileResources/out/multi-v2/values-nb.json","789"
"build/app/intermediates/merged_res_blame_folder/profile/mergeProfileResources/out/multi-v2/values-ne.json","790"
"build/app/intermediates/merged_res_blame_folder/profile/mergeProfileResources/out/multi-v2/values-night-v8.json","1040"
"build/app/intermediates/merged_res_blame_folder/profile/mergeProfileResources/out/multi-v2/values-nl.json","790"
"build/app/intermediates/merged_res_blame_folder/profile/mergeProfileResources/out/multi-v2/values-or.json","792"
"build/app/intermediates/merged_res_blame_folder/profile/mergeProfileResources/out/multi-v2/values-pa.json","790"
"build/app/intermediates/merged_res_blame_folder/profile/mergeProfileResources/out/multi-v2/values-pl.json","789"
"build/app/intermediates/merged_res_blame_folder/profile/mergeProfileResources/out/multi-v2/values-pt-rBR.json","805"
"build/app/intermediates/merged_res_blame_folder/profile/mergeProfileResources/out/multi-v2/values-pt-rPT.json","805"
"build/app/intermediates/merged_res_blame_folder/profile/mergeProfileResources/out/multi-v2/values-pt.json","789"
"build/app/intermediates/merged_res_blame_folder/profile/mergeProfileResources/out/multi-v2/values-ro.json","789"
"build/app/intermediates/merged_res_blame_folder/profile/mergeProfileResources/out/multi-v2/values-ru.json","791"
"build/app/intermediates/merged_res_blame_folder/profile/mergeProfileResources/out/multi-v2/values-si.json","791"
"build/app/intermediates/merged_res_blame_folder/profile/mergeProfileResources/out/multi-v2/values-sk.json","790"
"build/app/intermediates/merged_res_blame_folder/profile/mergeProfileResources/out/multi-v2/values-sl.json","790"
"build/app/intermediates/merged_res_blame_folder/profile/mergeProfileResources/out/multi-v2/values-sq.json","789"
"build/app/intermediates/merged_res_blame_folder/profile/mergeProfileResources/out/multi-v2/values-sr.json","790"
"build/app/intermediates/merged_res_blame_folder/profile/mergeProfileResources/out/multi-v2/values-sv.json","789"
"build/app/intermediates/merged_res_blame_folder/profile/mergeProfileResources/out/multi-v2/values-sw.json","790"
"build/app/intermediates/merged_res_blame_folder/profile/mergeProfileResources/out/multi-v2/values-ta.json","789"
"build/app/intermediates/merged_res_blame_folder/profile/mergeProfileResources/out/multi-v2/values-te.json","792"
"build/app/intermediates/merged_res_blame_folder/profile/mergeProfileResources/out/multi-v2/values-th.json","789"
"build/app/intermediates/merged_res_blame_folder/profile/mergeProfileResources/out/multi-v2/values-tl.json","790"
"build/app/intermediates/merged_res_blame_folder/profile/mergeProfileResources/out/multi-v2/values-tr.json","789"
"build/app/intermediates/merged_res_blame_folder/profile/mergeProfileResources/out/multi-v2/values-uk.json","791"
"build/app/intermediates/merged_res_blame_folder/profile/mergeProfileResources/out/multi-v2/values-ur.json","790"
"build/app/intermediates/merged_res_blame_folder/profile/mergeProfileResources/out/multi-v2/values-uz.json","791"
"build/app/intermediates/merged_res_blame_folder/profile/mergeProfileResources/out/multi-v2/values-v21.json","889"
"build/app/intermediates/merged_res_blame_folder/profile/mergeProfileResources/out/multi-v2/values-vi.json","789"
"build/app/intermediates/merged_res_blame_folder/profile/mergeProfileResources/out/multi-v2/values-zh-rCN.json","802"
"build/app/intermediates/merged_res_blame_folder/profile/mergeProfileResources/out/multi-v2/values-zh-rHK.json","801"
"build/app/intermediates/merged_res_blame_folder/profile/mergeProfileResources/out/multi-v2/values-zh-rTW.json","801"
"build/app/intermediates/merged_res_blame_folder/profile/mergeProfileResources/out/multi-v2/values-zu.json","790"
"build/app/intermediates/merged_res_blame_folder/profile/mergeProfileResources/out/multi-v2/values.json","12834"
"build/app/intermediates/merged_res_blame_folder/profile/mergeProfileResources/out/single/mergeProfileResources.json","1132"
"build/app/intermediates/merged_res_blame_folder/release/mergeReleaseResources/out/multi-v2/mergeReleaseResources.json","79483"
"build/app/intermediates/merged_res_blame_folder/release/mergeReleaseResources/out/multi-v2/values-af.json","789"
"build/app/intermediates/merged_res_blame_folder/release/mergeReleaseResources/out/multi-v2/values-am.json","786"
"build/app/intermediates/merged_res_blame_folder/release/mergeReleaseResources/out/multi-v2/values-ar.json","790"
"build/app/intermediates/merged_res_blame_folder/release/mergeReleaseResources/out/multi-v2/values-as.json","791"
"build/app/intermediates/merged_res_blame_folder/release/mergeReleaseResources/out/multi-v2/values-az.json","792"
"build/app/intermediates/merged_res_blame_folder/release/mergeReleaseResources/out/multi-v2/values-b+sr+Latn.json","818"
"build/app/intermediates/merged_res_blame_folder/release/mergeReleaseResources/out/multi-v2/values-be.json","790"
"build/app/intermediates/merged_res_blame_folder/release/mergeReleaseResources/out/multi-v2/values-bg.json","791"
"build/app/intermediates/merged_res_blame_folder/release/mergeReleaseResources/out/multi-v2/values-bn.json","791"
"build/app/intermediates/merged_res_blame_folder/release/mergeReleaseResources/out/multi-v2/values-bs.json","790"
"build/app/intermediates/merged_res_blame_folder/release/mergeReleaseResources/out/multi-v2/values-ca.json","789"
"build/app/intermediates/merged_res_blame_folder/release/mergeReleaseResources/out/multi-v2/values-cs.json","790"
"build/app/intermediates/merged_res_blame_folder/release/mergeReleaseResources/out/multi-v2/values-da.json","789"
"build/app/intermediates/merged_res_blame_folder/release/mergeReleaseResources/out/multi-v2/values-de.json","789"
"build/app/intermediates/merged_res_blame_folder/release/mergeReleaseResources/out/multi-v2/values-el.json","790"
"build/app/intermediates/merged_res_blame_folder/release/mergeReleaseResources/out/multi-v2/values-en-rAU.json","805"
"build/app/intermediates/merged_res_blame_folder/release/mergeReleaseResources/out/multi-v2/values-en-rCA.json","805"
"build/app/intermediates/merged_res_blame_folder/release/mergeReleaseResources/out/multi-v2/values-en-rGB.json","805"
"build/app/intermediates/merged_res_blame_folder/release/mergeReleaseResources/out/multi-v2/values-en-rIN.json","805"
"build/app/intermediates/merged_res_blame_folder/release/mergeReleaseResources/out/multi-v2/values-en-rXC.json","815"
"build/app/intermediates/merged_res_blame_folder/release/mergeReleaseResources/out/multi-v2/values-es-rUS.json","805"
"build/app/intermediates/merged_res_blame_folder/release/mergeReleaseResources/out/multi-v2/values-es.json","789"
"build/app/intermediates/merged_res_blame_folder/release/mergeReleaseResources/out/multi-v2/values-et.json","790"
"build/app/intermediates/merged_res_blame_folder/release/mergeReleaseResources/out/multi-v2/values-eu.json","790"
"build/app/intermediates/merged_res_blame_folder/release/mergeReleaseResources/out/multi-v2/values-fa.json","789"
"build/app/intermediates/merged_res_blame_folder/release/mergeReleaseResources/out/multi-v2/values-fi.json","790"
"build/app/intermediates/merged_res_blame_folder/release/mergeReleaseResources/out/multi-v2/values-fr-rCA.json","806"
"build/app/intermediates/merged_res_blame_folder/release/mergeReleaseResources/out/multi-v2/values-fr.json","790"
"build/app/intermediates/merged_res_blame_folder/release/mergeReleaseResources/out/multi-v2/values-gl.json","789"
"build/app/intermediates/merged_res_blame_folder/release/mergeReleaseResources/out/multi-v2/values-gu.json","789"
"build/app/intermediates/merged_res_blame_folder/release/mergeReleaseResources/out/multi-v2/values-hi.json","791"
"build/app/intermediates/merged_res_blame_folder/release/mergeReleaseResources/out/multi-v2/values-hr.json","789"
"build/app/intermediates/merged_res_blame_folder/release/mergeReleaseResources/out/multi-v2/values-hu.json","791"
"build/app/intermediates/merged_res_blame_folder/release/mergeReleaseResources/out/multi-v2/values-hy.json","789"
"build/app/intermediates/merged_res_blame_folder/release/mergeReleaseResources/out/multi-v2/values-in.json","789"
"build/app/intermediates/merged_res_blame_folder/release/mergeReleaseResources/out/multi-v2/values-is.json","789"
"build/app/intermediates/merged_res_blame_folder/release/mergeReleaseResources/out/multi-v2/values-it.json","790"
"build/app/intermediates/merged_res_blame_folder/release/mergeReleaseResources/out/multi-v2/values-iw.json","788"
"build/app/intermediates/merged_res_blame_folder/release/mergeReleaseResources/out/multi-v2/values-ja.json","786"
"build/app/intermediates/merged_res_blame_folder/release/mergeReleaseResources/out/multi-v2/values-ka.json","789"
"build/app/intermediates/merged_res_blame_folder/release/mergeReleaseResources/out/multi-v2/values-kk.json","790"
"build/app/intermediates/merged_res_blame_folder/release/mergeReleaseResources/out/multi-v2/values-km.json","789"
"build/app/intermediates/merged_res_blame_folder/release/mergeReleaseResources/out/multi-v2/values-kn.json","791"
"build/app/intermediates/merged_res_blame_folder/release/mergeReleaseResources/out/multi-v2/values-ko.json","785"
"build/app/intermediates/merged_res_blame_folder/release/mergeReleaseResources/out/multi-v2/values-ky.json","791"
"build/app/intermediates/merged_res_blame_folder/release/mergeReleaseResources/out/multi-v2/values-lo.json","788"
"build/app/intermediates/merged_res_blame_folder/release/mergeReleaseResources/out/multi-v2/values-lt.json","790"
"build/app/intermediates/merged_res_blame_folder/release/mergeReleaseResources/out/multi-v2/values-lv.json","790"
"build/app/intermediates/merged_res_blame_folder/release/mergeReleaseResources/out/multi-v2/values-mk.json","789"
"build/app/intermediates/merged_res_blame_folder/release/mergeReleaseResources/out/multi-v2/values-ml.json","792"
"build/app/intermediates/merged_res_blame_folder/release/mergeReleaseResources/out/multi-v2/values-mn.json","790"
"build/app/intermediates/merged_res_blame_folder/release/mergeReleaseResources/out/multi-v2/values-mr.json","791"
"build/app/intermediates/merged_res_blame_folder/release/mergeReleaseResources/out/multi-v2/values-ms.json","790"
"build/app/intermediates/merged_res_blame_folder/release/mergeReleaseResources/out/multi-v2/values-my.json","792"
"build/app/intermediates/merged_res_blame_folder/release/mergeReleaseResources/out/multi-v2/values-nb.json","789"
"build/app/intermediates/merged_res_blame_folder/release/mergeReleaseResources/out/multi-v2/values-ne.json","790"
"build/app/intermediates/merged_res_blame_folder/release/mergeReleaseResources/out/multi-v2/values-night-v8.json","1040"
"build/app/intermediates/merged_res_blame_folder/release/mergeReleaseResources/out/multi-v2/values-nl.json","790"
"build/app/intermediates/merged_res_blame_folder/release/mergeReleaseResources/out/multi-v2/values-or.json","792"
"build/app/intermediates/merged_res_blame_folder/release/mergeReleaseResources/out/multi-v2/values-pa.json","790"
"build/app/intermediates/merged_res_blame_folder/release/mergeReleaseResources/out/multi-v2/values-pl.json","789"
"build/app/intermediates/merged_res_blame_folder/release/mergeReleaseResources/out/multi-v2/values-pt-rBR.json","805"
"build/app/intermediates/merged_res_blame_folder/release/mergeReleaseResources/out/multi-v2/values-pt-rPT.json","805"
"build/app/intermediates/merged_res_blame_folder/release/mergeReleaseResources/out/multi-v2/values-pt.json","789"
"build/app/intermediates/merged_res_blame_folder/release/mergeReleaseResources/out/multi-v2/values-ro.json","789"
"build/app/intermediates/merged_res_blame_folder/release/mergeReleaseResources/out/multi-v2/values-ru.json","791"
"build/app/intermediates/merged_res_blame_folder/release/mergeReleaseResources/out/multi-v2/values-si.json","791"
"build/app/intermediates/merged_res_blame_folder/release/mergeReleaseResources/out/multi-v2/values-sk.json","790"
"build/app/intermediates/merged_res_blame_folder/release/mergeReleaseResources/out/multi-v2/values-sl.json","790"
"build/app/intermediates/merged_res_blame_folder/release/mergeReleaseResources/out/multi-v2/values-sq.json","789"
"build/app/intermediates/merged_res_blame_folder/release/mergeReleaseResources/out/multi-v2/values-sr.json","790"
"build/app/intermediates/merged_res_blame_folder/release/mergeReleaseResources/out/multi-v2/values-sv.json","789"
"build/app/intermediates/merged_res_blame_folder/release/mergeReleaseResources/out/multi-v2/values-sw.json","790"
"build/app/intermediates/merged_res_blame_folder/release/mergeReleaseResources/out/multi-v2/values-ta.json","789"
"build/app/intermediates/merged_res_blame_folder/release/mergeReleaseResources/out/multi-v2/values-te.json","792"
"build/app/intermediates/merged_res_blame_folder/release/mergeReleaseResources/out/multi-v2/values-th.json","789"
"build/app/intermediates/merged_res_blame_folder/release/mergeReleaseResources/out/multi-v2/values-tl.json","790"
"build/app/intermediates/merged_res_blame_folder/release/mergeReleaseResources/out/multi-v2/values-tr.json","789"
"build/app/intermediates/merged_res_blame_folder/release/mergeReleaseResources/out/multi-v2/values-uk.json","791"
"build/app/intermediates/merged_res_blame_folder/release/mergeReleaseResources/out/multi-v2/values-ur.json","790"
"build/app/intermediates/merged_res_blame_folder/release/mergeReleaseResources/out/multi-v2/values-uz.json","791"
"build/app/intermediates/merged_res_blame_folder/release/mergeReleaseResources/out/multi-v2/values-v21.json","889"
"build/app/intermediates/merged_res_blame_folder/release/mergeReleaseResources/out/multi-v2/values-vi.json","789"
"build/app/intermediates/merged_res_blame_folder/release/mergeReleaseResources/out/multi-v2/values-zh-rCN.json","802"
"build/app/intermediates/merged_res_blame_folder/release/mergeReleaseResources/out/multi-v2/values-zh-rHK.json","801"
"build/app/intermediates/merged_res_blame_folder/release/mergeReleaseResources/out/multi-v2/values-zh-rTW.json","801"
"build/app/intermediates/merged_res_blame_folder/release/mergeReleaseResources/out/multi-v2/values-zu.json","790"
"build/app/intermediates/merged_res_blame_folder/release/mergeReleaseResources/out/multi-v2/values.json","12834"
"build/app/intermediates/merged_res_blame_folder/release/mergeReleaseResources/out/single/mergeReleaseResources.json","1132"
"build/app/intermediates/merged_res/debug/mergeDebugResources/drawable-v21_launch_background.xml.flat","328"
"build/app/intermediates/merged_res/debug/mergeDebugResources/mipmap-hdpi_ic_launcher.png.flat","672"
"build/app/intermediates/merged_res/debug/mergeDebugResources/mipmap-mdpi_ic_launcher.png.flat","572"
"build/app/intermediates/merged_res/debug/mergeDebugResources/mipmap-xhdpi_ic_launcher.png.flat","852"
"build/app/intermediates/merged_res/debug/mergeDebugResources/mipmap-xxhdpi_ic_launcher.png.flat","1164"
"build/app/intermediates/merged_res/debug/mergeDebugResources/mipmap-xxxhdpi_ic_launcher.png.flat","1576"
"build/app/intermediates/merged_res/debug/mergeDebugResources/values_values.arsc.flat","16608"
"build/app/intermediates/merged_res/debug/mergeDebugResources/values-af_values-af.arsc.flat","776"
"build/app/intermediates/merged_res/debug/mergeDebugResources/values-am_values-am.arsc.flat","812"
"build/app/intermediates/merged_res/debug/mergeDebugResources/values-ar_values-ar.arsc.flat","824"
"build/app/intermediates/merged_res/debug/mergeDebugResources/values-as_values-as.arsc.flat","992"
"build/app/intermediates/merged_res/debug/mergeDebugResources/values-az_values-az.arsc.flat","788"
"build/app/intermediates/merged_res/debug/mergeDebugResources/values-b+sr+Latn_values-b+sr+Latn.arsc.flat","824"
"build/app/intermediates/merged_res/debug/mergeDebugResources/values-be_values-be.arsc.flat","864"
"build/app/intermediates/merged_res/debug/mergeDebugResources/values-bg_values-bg.arsc.flat","880"
"build/app/intermediates/merged_res/debug/mergeDebugResources/values-bn_values-bn.arsc.flat","936"
"build/app/intermediates/merged_res/debug/mergeDebugResources/values-bs_values-bs.arsc.flat","772"
"build/app/intermediates/merged_res/debug/mergeDebugResources/values-ca_values-ca.arsc.flat","780"
"build/app/intermediates/merged_res/debug/mergeDebugResources/values-cs_values-cs.arsc.flat","792"
"build/app/intermediates/merged_res/debug/mergeDebugResources/values-da_values-da.arsc.flat","780"
"build/app/intermediates/merged_res/debug/mergeDebugResources/values-de_values-de.arsc.flat","780"
"build/app/intermediates/merged_res/debug/mergeDebugResources/values-el_values-el.arsc.flat","868"
"build/app/intermediates/merged_res/debug/mergeDebugResources/values-en-rAU_values-en-rAU.arsc.flat","796"
"build/app/intermediates/merged_res/debug/mergeDebugResources/values-en-rCA_values-en-rCA.arsc.flat","796"
"build/app/intermediates/merged_res/debug/mergeDebugResources/values-en-rGB_values-en-rGB.arsc.flat","796"
"build/app/intermediates/merged_res/debug/mergeDebugResources/values-en-rIN_values-en-rIN.arsc.flat","796"
"build/app/intermediates/merged_res/debug/mergeDebugResources/values-en-rXC_values-en-rXC.arsc.flat","3280"
"build/app/intermediates/merged_res/debug/mergeDebugResources/values-es_values-es.arsc.flat","780"
"build/app/intermediates/merged_res/debug/mergeDebugResources/values-es-rUS_values-es-rUS.arsc.flat","812"
"build/app/intermediates/merged_res/debug/mergeDebugResources/values-et_values-et.arsc.flat","780"
"build/app/intermediates/merged_res/debug/mergeDebugResources/values-eu_values-eu.arsc.flat","776"
"build/app/intermediates/merged_res/debug/mergeDebugResources/values-fa_values-fa.arsc.flat","844"
"build/app/intermediates/merged_res/debug/mergeDebugResources/values-fi_values-fi.arsc.flat","784"
"build/app/intermediates/merged_res/debug/mergeDebugResources/values-fr_values-fr.arsc.flat","776"
"build/app/intermediates/merged_res/debug/mergeDebugResources/values-fr-rCA_values-fr-rCA.arsc.flat","804"
"build/app/intermediates/merged_res/debug/mergeDebugResources/values-gl_values-gl.arsc.flat","776"
"build/app/intermediates/merged_res/debug/mergeDebugResources/values-gu_values-gu.arsc.flat","904"
"build/app/intermediates/merged_res/debug/mergeDebugResources/values-hi_values-hi.arsc.flat","988"
"build/app/intermediates/merged_res/debug/mergeDebugResources/values-hr_values-hr.arsc.flat","772"
"build/app/intermediates/merged_res/debug/mergeDebugResources/values-hu_values-hu.arsc.flat","784"
"build/app/intermediates/merged_res/debug/mergeDebugResources/values-hy_values-hy.arsc.flat","840"
"build/app/intermediates/merged_res/debug/mergeDebugResources/values-in_values-in.arsc.flat","776"
"build/app/intermediates/merged_res/debug/mergeDebugResources/values-is_values-is.arsc.flat","772"
"build/app/intermediates/merged_res/debug/mergeDebugResources/values-it_values-it.arsc.flat","792"
"build/app/intermediates/merged_res/debug/mergeDebugResources/values-iw_values-iw.arsc.flat","796"
"build/app/intermediates/merged_res/debug/mergeDebugResources/values-ja_values-ja.arsc.flat","768"
"build/app/intermediates/merged_res/debug/mergeDebugResources/values-ka_values-ka.arsc.flat","928"
"build/app/intermediates/merged_res/debug/mergeDebugResources/values-kk_values-kk.arsc.flat","828"
"build/app/intermediates/merged_res/debug/mergeDebugResources/values-km_values-km.arsc.flat","924"
"build/app/intermediates/merged_res/debug/mergeDebugResources/values-kn_values-kn.arsc.flat","988"
"build/app/intermediates/merged_res/debug/mergeDebugResources/values-ko_values-ko.arsc.flat","780"
"build/app/intermediates/merged_res/debug/mergeDebugResources/values-ky_values-ky.arsc.flat","860"
"build/app/intermediates/merged_res/debug/mergeDebugResources/values-lo_values-lo.arsc.flat","880"
"build/app/intermediates/merged_res/debug/mergeDebugResources/values-lt_values-lt.arsc.flat","800"
"build/app/intermediates/merged_res/debug/mergeDebugResources/values-lv_values-lv.arsc.flat","788"
"build/app/intermediates/merged_res/debug/mergeDebugResources/values-mk_values-mk.arsc.flat","836"
"build/app/intermediates/merged_res/debug/mergeDebugResources/values-ml_values-ml.arsc.flat","960"
"build/app/intermediates/merged_res/debug/mergeDebugResources/values-mn_values-mn.arsc.flat","868"
"build/app/intermediates/merged_res/debug/mergeDebugResources/values-mr_values-mr.arsc.flat","944"
"build/app/intermediates/merged_res/debug/mergeDebugResources/values-ms_values-ms.arsc.flat","788"
"build/app/intermediates/merged_res/debug/mergeDebugResources/values-my_values-my.arsc.flat","992"
"build/app/intermediates/merged_res/debug/mergeDebugResources/values-nb_values-nb.arsc.flat","776"
"build/app/intermediates/merged_res/debug/mergeDebugResources/values-ne_values-ne.arsc.flat","916"
"build/app/intermediates/merged_res/debug/mergeDebugResources/values-night-v8_values-night-v8.arsc.flat","556"
"build/app/intermediates/merged_res/debug/mergeDebugResources/values-nl_values-nl.arsc.flat","780"
"build/app/intermediates/merged_res/debug/mergeDebugResources/values-or_values-or.arsc.flat","952"
"build/app/intermediates/merged_res/debug/mergeDebugResources/values-pa_values-pa.arsc.flat","940"
"build/app/intermediates/merged_res/debug/mergeDebugResources/values-pl_values-pl.arsc.flat","796"
"build/app/intermediates/merged_res/debug/mergeDebugResources/values-pt_values-pt.arsc.flat","784"
"build/app/intermediates/merged_res/debug/mergeDebugResources/values-pt-rBR_values-pt-rBR.arsc.flat","816"
"build/app/intermediates/merged_res/debug/mergeDebugResources/values-pt-rPT_values-pt-rPT.arsc.flat","812"
"build/app/intermediates/merged_res/debug/mergeDebugResources/values-ro_values-ro.arsc.flat","780"
"build/app/intermediates/merged_res/debug/mergeDebugResources/values-ru_values-ru.arsc.flat","856"
"build/app/intermediates/merged_res/debug/mergeDebugResources/values-si_values-si.arsc.flat","940"
"build/app/intermediates/merged_res/debug/mergeDebugResources/values-sk_values-sk.arsc.flat","792"
"build/app/intermediates/merged_res/debug/mergeDebugResources/values-sl_values-sl.arsc.flat","768"
"build/app/intermediates/merged_res/debug/mergeDebugResources/values-sq_values-sq.arsc.flat","792"
"build/app/intermediates/merged_res/debug/mergeDebugResources/values-sr_values-sr.arsc.flat","848"
"build/app/intermediates/merged_res/debug/mergeDebugResources/values-sv_values-sv.arsc.flat","780"
"build/app/intermediates/merged_res/debug/mergeDebugResources/values-sw_values-sw.arsc.flat","768"
"build/app/intermediates/merged_res/debug/mergeDebugResources/values-ta_values-ta.arsc.flat","992"
"build/app/intermediates/merged_res/debug/mergeDebugResources/values-te_values-te.arsc.flat","996"
"build/app/intermediates/merged_res/debug/mergeDebugResources/values-th_values-th.arsc.flat","908"
"build/app/intermediates/merged_res/debug/mergeDebugResources/values-tl_values-tl.arsc.flat","780"
"build/app/intermediates/merged_res/debug/mergeDebugResources/values-tr_values-tr.arsc.flat","764"
"build/app/intermediates/merged_res/debug/mergeDebugResources/values-uk_values-uk.arsc.flat","852"
"build/app/intermediates/merged_res/debug/mergeDebugResources/values-ur_values-ur.arsc.flat","836"
"build/app/intermediates/merged_res/debug/mergeDebugResources/values-uz_values-uz.arsc.flat","784"
"build/app/intermediates/merged_res/debug/mergeDebugResources/values-v21_values-v21.arsc.flat","1524"
"build/app/intermediates/merged_res/debug/mergeDebugResources/values-vi_values-vi.arsc.flat","816"
"build/app/intermediates/merged_res/debug/mergeDebugResources/values-zh-rCN_values-zh-rCN.arsc.flat","788"
"build/app/intermediates/merged_res/debug/mergeDebugResources/values-zh-rHK_values-zh-rHK.arsc.flat","776"
"build/app/intermediates/merged_res/debug/mergeDebugResources/values-zh-rTW_values-zh-rTW.arsc.flat","776"
"build/app/intermediates/merged_res/debug/mergeDebugResources/values-zu_values-zu.arsc.flat","776"
"build/app/intermediates/merged_res/profile/mergeProfileResources/drawable-v21_launch_background.xml.flat","328"
"build/app/intermediates/merged_res/profile/mergeProfileResources/mipmap-hdpi_ic_launcher.png.flat","672"
"build/app/intermediates/merged_res/profile/mergeProfileResources/mipmap-mdpi_ic_launcher.png.flat","572"
"build/app/intermediates/merged_res/profile/mergeProfileResources/mipmap-xhdpi_ic_launcher.png.flat","852"
"build/app/intermediates/merged_res/profile/mergeProfileResources/mipmap-xxhdpi_ic_launcher.png.flat","1164"
"build/app/intermediates/merged_res/profile/mergeProfileResources/mipmap-xxxhdpi_ic_launcher.png.flat","1576"
"build/app/intermediates/merged_res/profile/mergeProfileResources/values_values.arsc.flat","16612"
"build/app/intermediates/merged_res/profile/mergeProfileResources/values-af_values-af.arsc.flat","776"
"build/app/intermediates/merged_res/profile/mergeProfileResources/values-am_values-am.arsc.flat","812"
"build/app/intermediates/merged_res/profile/mergeProfileResources/values-ar_values-ar.arsc.flat","824"
"build/app/intermediates/merged_res/profile/mergeProfileResources/values-as_values-as.arsc.flat","992"
"build/app/intermediates/merged_res/profile/mergeProfileResources/values-az_values-az.arsc.flat","788"
"build/app/intermediates/merged_res/profile/mergeProfileResources/values-b+sr+Latn_values-b+sr+Latn.arsc.flat","828"
"build/app/intermediates/merged_res/profile/mergeProfileResources/values-be_values-be.arsc.flat","864"
"build/app/intermediates/merged_res/profile/mergeProfileResources/values-bg_values-bg.arsc.flat","880"
"build/app/intermediates/merged_res/profile/mergeProfileResources/values-bn_values-bn.arsc.flat","936"
"build/app/intermediates/merged_res/profile/mergeProfileResources/values-bs_values-bs.arsc.flat","772"
"build/app/intermediates/merged_res/profile/mergeProfileResources/values-ca_values-ca.arsc.flat","780"
"build/app/intermediates/merged_res/profile/mergeProfileResources/values-cs_values-cs.arsc.flat","792"
"build/app/intermediates/merged_res/profile/mergeProfileResources/values-da_values-da.arsc.flat","780"
"build/app/intermediates/merged_res/profile/mergeProfileResources/values-de_values-de.arsc.flat","780"
"build/app/intermediates/merged_res/profile/mergeProfileResources/values-el_values-el.arsc.flat","868"
"build/app/intermediates/merged_res/profile/mergeProfileResources/values-en-rAU_values-en-rAU.arsc.flat","796"
"build/app/intermediates/merged_res/profile/mergeProfileResources/values-en-rCA_values-en-rCA.arsc.flat","796"
"build/app/intermediates/merged_res/profile/mergeProfileResources/values-en-rGB_values-en-rGB.arsc.flat","796"
"build/app/intermediates/merged_res/profile/mergeProfileResources/values-en-rIN_values-en-rIN.arsc.flat","796"
"build/app/intermediates/merged_res/profile/mergeProfileResources/values-en-rXC_values-en-rXC.arsc.flat","3280"
"build/app/intermediates/merged_res/profile/mergeProfileResources/values-es_values-es.arsc.flat","780"
"build/app/intermediates/merged_res/profile/mergeProfileResources/values-es-rUS_values-es-rUS.arsc.flat","812"
"build/app/intermediates/merged_res/profile/mergeProfileResources/values-et_values-et.arsc.flat","780"
"build/app/intermediates/merged_res/profile/mergeProfileResources/values-eu_values-eu.arsc.flat","776"
"build/app/intermediates/merged_res/profile/mergeProfileResources/values-fa_values-fa.arsc.flat","844"
"build/app/intermediates/merged_res/profile/mergeProfileResources/values-fi_values-fi.arsc.flat","784"
"build/app/intermediates/merged_res/profile/mergeProfileResources/values-fr_values-fr.arsc.flat","776"
"build/app/intermediates/merged_res/profile/mergeProfileResources/values-fr-rCA_values-fr-rCA.arsc.flat","804"
"build/app/intermediates/merged_res/profile/mergeProfileResources/values-gl_values-gl.arsc.flat","776"
"build/app/intermediates/merged_res/profile/mergeProfileResources/values-gu_values-gu.arsc.flat","904"
"build/app/intermediates/merged_res/profile/mergeProfileResources/values-hi_values-hi.arsc.flat","988"
"build/app/intermediates/merged_res/profile/mergeProfileResources/values-hr_values-hr.arsc.flat","772"
"build/app/intermediates/merged_res/profile/mergeProfileResources/values-hu_values-hu.arsc.flat","784"
"build/app/intermediates/merged_res/profile/mergeProfileResources/values-hy_values-hy.arsc.flat","840"
"build/app/intermediates/merged_res/profile/mergeProfileResources/values-in_values-in.arsc.flat","776"
"build/app/intermediates/merged_res/profile/mergeProfileResources/values-is_values-is.arsc.flat","772"
"build/app/intermediates/merged_res/profile/mergeProfileResources/values-it_values-it.arsc.flat","792"
"build/app/intermediates/merged_res/profile/mergeProfileResources/values-iw_values-iw.arsc.flat","796"
"build/app/intermediates/merged_res/profile/mergeProfileResources/values-ja_values-ja.arsc.flat","768"
"build/app/intermediates/merged_res/profile/mergeProfileResources/values-ka_values-ka.arsc.flat","928"
"build/app/intermediates/merged_res/profile/mergeProfileResources/values-kk_values-kk.arsc.flat","828"
"build/app/intermediates/merged_res/profile/mergeProfileResources/values-km_values-km.arsc.flat","924"
"build/app/intermediates/merged_res/profile/mergeProfileResources/values-kn_values-kn.arsc.flat","988"
"build/app/intermediates/merged_res/profile/mergeProfileResources/values-ko_values-ko.arsc.flat","780"
"build/app/intermediates/merged_res/profile/mergeProfileResources/values-ky_values-ky.arsc.flat","860"
"build/app/intermediates/merged_res/profile/mergeProfileResources/values-lo_values-lo.arsc.flat","880"
"build/app/intermediates/merged_res/profile/mergeProfileResources/values-lt_values-lt.arsc.flat","800"
"build/app/intermediates/merged_res/profile/mergeProfileResources/values-lv_values-lv.arsc.flat","788"
"build/app/intermediates/merged_res/profile/mergeProfileResources/values-mk_values-mk.arsc.flat","836"
"build/app/intermediates/merged_res/profile/mergeProfileResources/values-ml_values-ml.arsc.flat","960"
"build/app/intermediates/merged_res/profile/mergeProfileResources/values-mn_values-mn.arsc.flat","868"
"build/app/intermediates/merged_res/profile/mergeProfileResources/values-mr_values-mr.arsc.flat","944"
"build/app/intermediates/merged_res/profile/mergeProfileResources/values-ms_values-ms.arsc.flat","788"
"build/app/intermediates/merged_res/profile/mergeProfileResources/values-my_values-my.arsc.flat","992"
"build/app/intermediates/merged_res/profile/mergeProfileResources/values-nb_values-nb.arsc.flat","776"
"build/app/intermediates/merged_res/profile/mergeProfileResources/values-ne_values-ne.arsc.flat","916"
"build/app/intermediates/merged_res/profile/mergeProfileResources/values-night-v8_values-night-v8.arsc.flat","556"
"build/app/intermediates/merged_res/profile/mergeProfileResources/values-nl_values-nl.arsc.flat","780"
"build/app/intermediates/merged_res/profile/mergeProfileResources/values-or_values-or.arsc.flat","952"
"build/app/intermediates/merged_res/profile/mergeProfileResources/values-pa_values-pa.arsc.flat","940"
"build/app/intermediates/merged_res/profile/mergeProfileResources/values-pl_values-pl.arsc.flat","796"
"build/app/intermediates/merged_res/profile/mergeProfileResources/values-pt_values-pt.arsc.flat","784"
"build/app/intermediates/merged_res/profile/mergeProfileResources/values-pt-rBR_values-pt-rBR.arsc.flat","816"
"build/app/intermediates/merged_res/profile/mergeProfileResources/values-pt-rPT_values-pt-rPT.arsc.flat","812"
"build/app/intermediates/merged_res/profile/mergeProfileResources/values-ro_values-ro.arsc.flat","780"
"build/app/intermediates/merged_res/profile/mergeProfileResources/values-ru_values-ru.arsc.flat","856"
"build/app/intermediates/merged_res/profile/mergeProfileResources/values-si_values-si.arsc.flat","940"
"build/app/intermediates/merged_res/profile/mergeProfileResources/values-sk_values-sk.arsc.flat","792"
"build/app/intermediates/merged_res/profile/mergeProfileResources/values-sl_values-sl.arsc.flat","768"
"build/app/intermediates/merged_res/profile/mergeProfileResources/values-sq_values-sq.arsc.flat","792"
"build/app/intermediates/merged_res/profile/mergeProfileResources/values-sr_values-sr.arsc.flat","848"
"build/app/intermediates/merged_res/profile/mergeProfileResources/values-sv_values-sv.arsc.flat","780"
"build/app/intermediates/merged_res/profile/mergeProfileResources/values-sw_values-sw.arsc.flat","768"
"build/app/intermediates/merged_res/profile/mergeProfileResources/values-ta_values-ta.arsc.flat","992"
"build/app/intermediates/merged_res/profile/mergeProfileResources/values-te_values-te.arsc.flat","996"
"build/app/intermediates/merged_res/profile/mergeProfileResources/values-th_values-th.arsc.flat","908"
"build/app/intermediates/merged_res/profile/mergeProfileResources/values-tl_values-tl.arsc.flat","780"
"build/app/intermediates/merged_res/profile/mergeProfileResources/values-tr_values-tr.arsc.flat","764"
"build/app/intermediates/merged_res/profile/mergeProfileResources/values-uk_values-uk.arsc.flat","852"
"build/app/intermediates/merged_res/profile/mergeProfileResources/values-ur_values-ur.arsc.flat","836"
"build/app/intermediates/merged_res/profile/mergeProfileResources/values-uz_values-uz.arsc.flat","784"
"build/app/intermediates/merged_res/profile/mergeProfileResources/values-v21_values-v21.arsc.flat","1528"
"build/app/intermediates/merged_res/profile/mergeProfileResources/values-vi_values-vi.arsc.flat","816"
"build/app/intermediates/merged_res/profile/mergeProfileResources/values-zh-rCN_values-zh-rCN.arsc.flat","788"
"build/app/intermediates/merged_res/profile/mergeProfileResources/values-zh-rHK_values-zh-rHK.arsc.flat","776"
"build/app/intermediates/merged_res/profile/mergeProfileResources/values-zh-rTW_values-zh-rTW.arsc.flat","776"
"build/app/intermediates/merged_res/profile/mergeProfileResources/values-zu_values-zu.arsc.flat","776"
"build/app/intermediates/merged_res/release/mergeReleaseResources/drawable-v21_launch_background.xml.flat","328"
"build/app/intermediates/merged_res/release/mergeReleaseResources/mipmap-hdpi_ic_launcher.png.flat","640"
"build/app/intermediates/merged_res/release/mergeReleaseResources/mipmap-mdpi_ic_launcher.png.flat","540"
"build/app/intermediates/merged_res/release/mergeReleaseResources/mipmap-xhdpi_ic_launcher.png.flat","816"
"build/app/intermediates/merged_res/release/mergeReleaseResources/mipmap-xxhdpi_ic_launcher.png.flat","1128"
"build/app/intermediates/merged_res/release/mergeReleaseResources/mipmap-xxxhdpi_ic_launcher.png.flat","1540"
"build/app/intermediates/merged_res/release/mergeReleaseResources/values_values.arsc.flat","16612"
"build/app/intermediates/merged_res/release/mergeReleaseResources/values-af_values-af.arsc.flat","776"
"build/app/intermediates/merged_res/release/mergeReleaseResources/values-am_values-am.arsc.flat","812"
"build/app/intermediates/merged_res/release/mergeReleaseResources/values-ar_values-ar.arsc.flat","824"
"build/app/intermediates/merged_res/release/mergeReleaseResources/values-as_values-as.arsc.flat","992"
"build/app/intermediates/merged_res/release/mergeReleaseResources/values-az_values-az.arsc.flat","788"
"build/app/intermediates/merged_res/release/mergeReleaseResources/values-b+sr+Latn_values-b+sr+Latn.arsc.flat","828"
"build/app/intermediates/merged_res/release/mergeReleaseResources/values-be_values-be.arsc.flat","864"
"build/app/intermediates/merged_res/release/mergeReleaseResources/values-bg_values-bg.arsc.flat","880"
"build/app/intermediates/merged_res/release/mergeReleaseResources/values-bn_values-bn.arsc.flat","936"
"build/app/intermediates/merged_res/release/mergeReleaseResources/values-bs_values-bs.arsc.flat","772"
"build/app/intermediates/merged_res/release/mergeReleaseResources/values-ca_values-ca.arsc.flat","780"
"build/app/intermediates/merged_res/release/mergeReleaseResources/values-cs_values-cs.arsc.flat","792"
"build/app/intermediates/merged_res/release/mergeReleaseResources/values-da_values-da.arsc.flat","780"
"build/app/intermediates/merged_res/release/mergeReleaseResources/values-de_values-de.arsc.flat","780"
"build/app/intermediates/merged_res/release/mergeReleaseResources/values-el_values-el.arsc.flat","868"
"build/app/intermediates/merged_res/release/mergeReleaseResources/values-en-rAU_values-en-rAU.arsc.flat","796"
"build/app/intermediates/merged_res/release/mergeReleaseResources/values-en-rCA_values-en-rCA.arsc.flat","796"
"build/app/intermediates/merged_res/release/mergeReleaseResources/values-en-rGB_values-en-rGB.arsc.flat","796"
"build/app/intermediates/merged_res/release/mergeReleaseResources/values-en-rIN_values-en-rIN.arsc.flat","796"
"build/app/intermediates/merged_res/release/mergeReleaseResources/values-en-rXC_values-en-rXC.arsc.flat","3280"
"build/app/intermediates/merged_res/release/mergeReleaseResources/values-es_values-es.arsc.flat","780"
"build/app/intermediates/merged_res/release/mergeReleaseResources/values-es-rUS_values-es-rUS.arsc.flat","812"
"build/app/intermediates/merged_res/release/mergeReleaseResources/values-et_values-et.arsc.flat","780"
"build/app/intermediates/merged_res/release/mergeReleaseResources/values-eu_values-eu.arsc.flat","776"
"build/app/intermediates/merged_res/release/mergeReleaseResources/values-fa_values-fa.arsc.flat","844"
"build/app/intermediates/merged_res/release/mergeReleaseResources/values-fi_values-fi.arsc.flat","784"
"build/app/intermediates/merged_res/release/mergeReleaseResources/values-fr_values-fr.arsc.flat","776"
"build/app/intermediates/merged_res/release/mergeReleaseResources/values-fr-rCA_values-fr-rCA.arsc.flat","804"
"build/app/intermediates/merged_res/release/mergeReleaseResources/values-gl_values-gl.arsc.flat","776"
"build/app/intermediates/merged_res/release/mergeReleaseResources/values-gu_values-gu.arsc.flat","904"
"build/app/intermediates/merged_res/release/mergeReleaseResources/values-hi_values-hi.arsc.flat","988"
"build/app/intermediates/merged_res/release/mergeReleaseResources/values-hr_values-hr.arsc.flat","772"
"build/app/intermediates/merged_res/release/mergeReleaseResources/values-hu_values-hu.arsc.flat","784"
"build/app/intermediates/merged_res/release/mergeReleaseResources/values-hy_values-hy.arsc.flat","840"
"build/app/intermediates/merged_res/release/mergeReleaseResources/values-in_values-in.arsc.flat","776"
"build/app/intermediates/merged_res/release/mergeReleaseResources/values-is_values-is.arsc.flat","772"
"build/app/intermediates/merged_res/release/mergeReleaseResources/values-it_values-it.arsc.flat","792"
"build/app/intermediates/merged_res/release/mergeReleaseResources/values-iw_values-iw.arsc.flat","796"
"build/app/intermediates/merged_res/release/mergeReleaseResources/values-ja_values-ja.arsc.flat","768"
"build/app/intermediates/merged_res/release/mergeReleaseResources/values-ka_values-ka.arsc.flat","928"
"build/app/intermediates/merged_res/release/mergeReleaseResources/values-kk_values-kk.arsc.flat","828"
"build/app/intermediates/merged_res/release/mergeReleaseResources/values-km_values-km.arsc.flat","924"
"build/app/intermediates/merged_res/release/mergeReleaseResources/values-kn_values-kn.arsc.flat","988"
"build/app/intermediates/merged_res/release/mergeReleaseResources/values-ko_values-ko.arsc.flat","780"
"build/app/intermediates/merged_res/release/mergeReleaseResources/values-ky_values-ky.arsc.flat","860"
"build/app/intermediates/merged_res/release/mergeReleaseResources/values-lo_values-lo.arsc.flat","880"
"build/app/intermediates/merged_res/release/mergeReleaseResources/values-lt_values-lt.arsc.flat","800"
"build/app/intermediates/merged_res/release/mergeReleaseResources/values-lv_values-lv.arsc.flat","788"
"build/app/intermediates/merged_res/release/mergeReleaseResources/values-mk_values-mk.arsc.flat","836"
"build/app/intermediates/merged_res/release/mergeReleaseResources/values-ml_values-ml.arsc.flat","960"
"build/app/intermediates/merged_res/release/mergeReleaseResources/values-mn_values-mn.arsc.flat","868"
"build/app/intermediates/merged_res/release/mergeReleaseResources/values-mr_values-mr.arsc.flat","944"
"build/app/intermediates/merged_res/release/mergeReleaseResources/values-ms_values-ms.arsc.flat","788"
"build/app/intermediates/merged_res/release/mergeReleaseResources/values-my_values-my.arsc.flat","992"
"build/app/intermediates/merged_res/release/mergeReleaseResources/values-nb_values-nb.arsc.flat","776"
"build/app/intermediates/merged_res/release/mergeReleaseResources/values-ne_values-ne.arsc.flat","916"
"build/app/intermediates/merged_res/release/mergeReleaseResources/values-night-v8_values-night-v8.arsc.flat","556"
"build/app/intermediates/merged_res/release/mergeReleaseResources/values-nl_values-nl.arsc.flat","780"
"build/app/intermediates/merged_res/release/mergeReleaseResources/values-or_values-or.arsc.flat","952"
"build/app/intermediates/merged_res/release/mergeReleaseResources/values-pa_values-pa.arsc.flat","940"
"build/app/intermediates/merged_res/release/mergeReleaseResources/values-pl_values-pl.arsc.flat","796"
"build/app/intermediates/merged_res/release/mergeReleaseResources/values-pt_values-pt.arsc.flat","784"
"build/app/intermediates/merged_res/release/mergeReleaseResources/values-pt-rBR_values-pt-rBR.arsc.flat","816"
"build/app/intermediates/merged_res/release/mergeReleaseResources/values-pt-rPT_values-pt-rPT.arsc.flat","812"
"build/app/intermediates/merged_res/release/mergeReleaseResources/values-ro_values-ro.arsc.flat","780"
"build/app/intermediates/merged_res/release/mergeReleaseResources/values-ru_values-ru.arsc.flat","856"
"build/app/intermediates/merged_res/release/mergeReleaseResources/values-si_values-si.arsc.flat","940"
"build/app/intermediates/merged_res/release/mergeReleaseResources/values-sk_values-sk.arsc.flat","792"
"build/app/intermediates/merged_res/release/mergeReleaseResources/values-sl_values-sl.arsc.flat","768"
"build/app/intermediates/merged_res/release/mergeReleaseResources/values-sq_values-sq.arsc.flat","792"
"build/app/intermediates/merged_res/release/mergeReleaseResources/values-sr_values-sr.arsc.flat","848"
"build/app/intermediates/merged_res/release/mergeReleaseResources/values-sv_values-sv.arsc.flat","780"
"build/app/intermediates/merged_res/release/mergeReleaseResources/values-sw_values-sw.arsc.flat","768"
"build/app/intermediates/merged_res/release/mergeReleaseResources/values-ta_values-ta.arsc.flat","992"
"build/app/intermediates/merged_res/release/mergeReleaseResources/values-te_values-te.arsc.flat","996"
"build/app/intermediates/merged_res/release/mergeReleaseResources/values-th_values-th.arsc.flat","908"
"build/app/intermediates/merged_res/release/mergeReleaseResources/values-tl_values-tl.arsc.flat","780"
"build/app/intermediates/merged_res/release/mergeReleaseResources/values-tr_values-tr.arsc.flat","764"
"build/app/intermediates/merged_res/release/mergeReleaseResources/values-uk_values-uk.arsc.flat","852"
"build/app/intermediates/merged_res/release/mergeReleaseResources/values-ur_values-ur.arsc.flat","836"
"build/app/intermediates/merged_res/release/mergeReleaseResources/values-uz_values-uz.arsc.flat","784"
"build/app/intermediates/merged_res/release/mergeReleaseResources/values-v21_values-v21.arsc.flat","1528"
"build/app/intermediates/merged_res/release/mergeReleaseResources/values-vi_values-vi.arsc.flat","816"
"build/app/intermediates/merged_res/release/mergeReleaseResources/values-zh-rCN_values-zh-rCN.arsc.flat","788"
"build/app/intermediates/merged_res/release/mergeReleaseResources/values-zh-rHK_values-zh-rHK.arsc.flat","776"
"build/app/intermediates/merged_res/release/mergeReleaseResources/values-zh-rTW_values-zh-rTW.arsc.flat","776"
"build/app/intermediates/merged_res/release/mergeReleaseResources/values-zu_values-zu.arsc.flat","776"
"build/app/intermediates/merged-not-compiled-resources/release/drawable-v21/launch_background.xml","450"
"build/app/intermediates/merged-not-compiled-resources/release/mipmap-hdpi-v4/ic_launcher.png","544"
"build/app/intermediates/merged-not-compiled-resources/release/mipmap-mdpi-v4/ic_launcher.png","442"
"build/app/intermediates/merged-not-compiled-resources/release/mipmap-xhdpi-v4/ic_launcher.png","721"
"build/app/intermediates/merged-not-compiled-resources/release/mipmap-xxhdpi-v4/ic_launcher.png","1031"
"build/app/intermediates/merged-not-compiled-resources/release/mipmap-xxxhdpi-v4/ic_launcher.png","1443"
"build/app/intermediates/merged-not-compiled-resources/release/values-af/values-af.xml","896"
"build/app/intermediates/merged-not-compiled-resources/release/values-am/values-am.xml","929"
"build/app/intermediates/merged-not-compiled-resources/release/values-ar/values-ar.xml","940"
"build/app/intermediates/merged-not-compiled-resources/release/values-as/values-as.xml","1110"
"build/app/intermediates/merged-not-compiled-resources/release/values-az/values-az.xml","905"
"build/app/intermediates/merged-not-compiled-resources/release/values-b+sr+Latn/values-b+sr+Latn.xml","890"
"build/app/intermediates/merged-not-compiled-resources/release/values-be/values-be.xml","980"
"build/app/intermediates/merged-not-compiled-resources/release/values-bg/values-bg.xml","999"
"build/app/intermediates/merged-not-compiled-resources/release/values-bn/values-bn.xml","1051"
"build/app/intermediates/merged-not-compiled-resources/release/values-bs/values-bs.xml","889"
"build/app/intermediates/merged-not-compiled-resources/release/values-ca/values-ca.xml","897"
"build/app/intermediates/merged-not-compiled-resources/release/values-cs/values-cs.xml","911"
"build/app/intermediates/merged-not-compiled-resources/release/values-da/values-da.xml","896"
"build/app/intermediates/merged-not-compiled-resources/release/values-de/values-de.xml","896"
"build/app/intermediates/merged-not-compiled-resources/release/values-el/values-el.xml","987"
"build/app/intermediates/merged-not-compiled-resources/release/values-en-rAU/values-en-rAU.xml","883"
"build/app/intermediates/merged-not-compiled-resources/release/values-en-rCA/values-en-rCA.xml","882"
"build/app/intermediates/merged-not-compiled-resources/release/values-en-rGB/values-en-rGB.xml","883"
"build/app/intermediates/merged-not-compiled-resources/release/values-en-rIN/values-en-rIN.xml","883"
"build/app/intermediates/merged-not-compiled-resources/release/values-en-rXC/values-en-rXC.xml","3318"
"build/app/intermediates/merged-not-compiled-resources/release/values-es-rUS/values-es-rUS.xml","896"
"build/app/intermediates/merged-not-compiled-resources/release/values-es/values-es.xml","897"
"build/app/intermediates/merged-not-compiled-resources/release/values-et/values-et.xml","899"
"build/app/intermediates/merged-not-compiled-resources/release/values-eu/values-eu.xml","895"
"build/app/intermediates/merged-not-compiled-resources/release/values-fa/values-fa.xml","960"
"build/app/intermediates/merged-not-compiled-resources/release/values-fi/values-fi.xml","902"
"build/app/intermediates/merged-not-compiled-resources/release/values-fr-rCA/values-fr-rCA.xml","889"
"build/app/intermediates/merged-not-compiled-resources/release/values-fr/values-fr.xml","893"
"build/app/intermediates/merged-not-compiled-resources/release/values-gl/values-gl.xml","893"
"build/app/intermediates/merged-not-compiled-resources/release/values-gu/values-gu.xml","1020"
"build/app/intermediates/merged-not-compiled-resources/release/values-hi/values-hi.xml","1103"
"build/app/intermediates/merged-not-compiled-resources/release/values-hr/values-hr.xml","890"
"build/app/intermediates/merged-not-compiled-resources/release/values-hu/values-hu.xml","903"
"build/app/intermediates/merged-not-compiled-resources/release/values-hy/values-hy.xml","958"
"build/app/intermediates/merged-not-compiled-resources/release/values-in/values-in.xml","894"
"build/app/intermediates/merged-not-compiled-resources/release/values-is/values-is.xml","888"
"build/app/intermediates/merged-not-compiled-resources/release/values-it/values-it.xml","911"
"build/app/intermediates/merged-not-compiled-resources/release/values-iw/values-iw.xml","912"
"build/app/intermediates/merged-not-compiled-resources/release/values-ja/values-ja.xml","887"
"build/app/intermediates/merged-not-compiled-resources/release/values-ka/values-ka.xml","1044"
"build/app/intermediates/merged-not-compiled-resources/release/values-kk/values-kk.xml","946"
"build/app/intermediates/merged-not-compiled-resources/release/values-km/values-km.xml","1043"
"build/app/intermediates/merged-not-compiled-resources/release/values-kn/values-kn.xml","1103"
"build/app/intermediates/merged-not-compiled-resources/release/values-ko/values-ko.xml","897"
"build/app/intermediates/merged-not-compiled-resources/release/values-ky/values-ky.xml","977"
"build/app/intermediates/merged-not-compiled-resources/release/values-lo/values-lo.xml","998"
"build/app/intermediates/merged-not-compiled-resources/release/values-lt/values-lt.xml","918"
"build/app/intermediates/merged-not-compiled-resources/release/values-lv/values-lv.xml","907"
"build/app/intermediates/merged-not-compiled-resources/release/values-mk/values-mk.xml","955"
"build/app/intermediates/merged-not-compiled-resources/release/values-ml/values-ml.xml","1077"
"build/app/intermediates/merged-not-compiled-resources/release/values-mn/values-mn.xml","986"
"build/app/intermediates/merged-not-compiled-resources/release/values-mr/values-mr.xml","1060"
"build/app/intermediates/merged-not-compiled-resources/release/values-ms/values-ms.xml","907"
"build/app/intermediates/merged-not-compiled-resources/release/values-my/values-my.xml","1110"
"build/app/intermediates/merged-not-compiled-resources/release/values-nb/values-nb.xml","893"
"build/app/intermediates/merged-not-compiled-resources/release/values-ne/values-ne.xml","1032"
"build/app/intermediates/merged-not-compiled-resources/release/values-night-v8/values-night-v8.xml","413"
"build/app/intermediates/merged-not-compiled-resources/release/values-nl/values-nl.xml","898"
"build/app/intermediates/merged-not-compiled-resources/release/values-or/values-or.xml","1067"
"build/app/intermediates/merged-not-compiled-resources/release/values-pa/values-pa.xml","1055"
"build/app/intermediates/merged-not-compiled-resources/release/values-pl/values-pl.xml","913"
"build/app/intermediates/merged-not-compiled-resources/release/values-pt-rBR/values-pt-rBR.xml","902"
"build/app/intermediates/merged-not-compiled-resources/release/values-pt-rPT/values-pt-rPT.xml","899"
"build/app/intermediates/merged-not-compiled-resources/release/values-pt/values-pt.xml","902"
"build/app/intermediates/merged-not-compiled-resources/release/values-ro/values-ro.xml","897"
"build/app/intermediates/merged-not-compiled-resources/release/values-ru/values-ru.xml","972"
"build/app/intermediates/merged-not-compiled-resources/release/values-si/values-si.xml","1056"
"build/app/intermediates/merged-not-compiled-resources/release/values-sk/values-sk.xml","910"
"build/app/intermediates/merged-not-compiled-resources/release/values-sl/values-sl.xml","887"
"build/app/intermediates/merged-not-compiled-resources/release/values-sq/values-sq.xml","909"
"build/app/intermediates/merged-not-compiled-resources/release/values-sr/values-sr.xml","966"
"build/app/intermediates/merged-not-compiled-resources/release/values-sv/values-sv.xml","896"
"build/app/intermediates/merged-not-compiled-resources/release/values-sw/values-sw.xml","887"
"build/app/intermediates/merged-not-compiled-resources/release/values-ta/values-ta.xml","1106"
"build/app/intermediates/merged-not-compiled-resources/release/values-te/values-te.xml","1114"
"build/app/intermediates/merged-not-compiled-resources/release/values-th/values-th.xml","1025"
"build/app/intermediates/merged-not-compiled-resources/release/values-tl/values-tl.xml","898"
"build/app/intermediates/merged-not-compiled-resources/release/values-tr/values-tr.xml","881"
"build/app/intermediates/merged-not-compiled-resources/release/values-uk/values-uk.xml","970"
"build/app/intermediates/merged-not-compiled-resources/release/values-ur/values-ur.xml","953"
"build/app/intermediates/merged-not-compiled-resources/release/values-uz/values-uz.xml","900"
"build/app/intermediates/merged-not-compiled-resources/release/values-v21/values-v21.xml","1396"
"build/app/intermediates/merged-not-compiled-resources/release/values-vi/values-vi.xml","932"
"build/app/intermediates/merged-not-compiled-resources/release/values-zh-rCN/values-zh-rCN.xml","872"
"build/app/intermediates/merged-not-compiled-resources/release/values-zh-rHK/values-zh-rHK.xml","863"
"build/app/intermediates/merged-not-compiled-resources/release/values-zh-rTW/values-zh-rTW.xml","863"
"build/app/intermediates/merged-not-compiled-resources/release/values-zu/values-zu.xml","894"
"build/app/intermediates/merged-not-compiled-resources/release/values/values.xml","15136"
"build/app/intermediates/metadata_library_dependencies_report/release/collectReleaseDependencies/dependencies.pb","4907"
"build/app/intermediates/native_symbol_tables/release/extractReleaseNativeSymbolTables/out/arm64-v8a/libapp.so.sym","3700984"
"build/app/intermediates/native_symbol_tables/release/extractReleaseNativeSymbolTables/out/arm64-v8a/libflutter.so.sym","18776976"
"build/app/intermediates/native_symbol_tables/release/extractReleaseNativeSymbolTables/out/armeabi-v7a/libapp.so.sym","3944360"
"build/app/intermediates/native_symbol_tables/release/extractReleaseNativeSymbolTables/out/armeabi-v7a/libflutter.so.sym","13859184"
"build/app/intermediates/native_symbol_tables/release/extractReleaseNativeSymbolTables/out/x86_64/libapp.so.sym","3766440"
"build/app/intermediates/native_symbol_tables/release/extractReleaseNativeSymbolTables/out/x86_64/libflutter.so.sym","17853568"
"build/app/intermediates/navigation_json/debug/extractDeepLinksDebug/navigation.json","2"
"build/app/intermediates/navigation_json/profile/extractDeepLinksProfile/navigation.json","2"
"build/app/intermediates/navigation_json/release/extractDeepLinksRelease/navigation.json","2"
"build/app/intermediates/nested_resources_validation_report/debug/generateDebugResources/nestedResourcesValidationReport.txt","15"
"build/app/intermediates/nested_resources_validation_report/profile/generateProfileResources/nestedResourcesValidationReport.txt","15"
"build/app/intermediates/nested_resources_validation_report/release/generateReleaseResources/nestedResourcesValidationReport.txt","15"
"build/app/intermediates/optimized_processed_res/release/optimizeReleaseResources/output-metadata.json","1107"
"build/app/intermediates/optimized_processed_res/release/optimizeReleaseResources/resources-arm64-v8a-release-optimize.ap_","13827"
"build/app/intermediates/optimized_processed_res/release/optimizeReleaseResources/resources-armeabi-v7a-release-optimize.ap_","13827"
"build/app/intermediates/optimized_processed_res/release/optimizeReleaseResources/resources-x86_64-release-optimize.ap_","13827"
"build/app/intermediates/packaged_manifests/debug/processDebugManifestForPackage/AndroidManifest.xml","4965"
"build/app/intermediates/packaged_manifests/debug/processDebugManifestForPackage/output-metadata.json","392"
"build/app/intermediates/packaged_manifests/profile/processProfileManifestForPackage/AndroidManifest.xml","4965"
"build/app/intermediates/packaged_manifests/profile/processProfileManifestForPackage/output-metadata.json","394"
"build/app/intermediates/packaged_manifests/release/processReleaseManifestForPackage/arm64-v8a/AndroidManifest.xml","4625"
"build/app/intermediates/packaged_manifests/release/processReleaseManifestForPackage/armeabi-v7a/AndroidManifest.xml","4625"
"build/app/intermediates/packaged_manifests/release/processReleaseManifestForPackage/output-metadata.json","1069"
"build/app/intermediates/packaged_manifests/release/processReleaseManifestForPackage/x86_64/AndroidManifest.xml","4625"
"build/app/intermediates/packaged_res/debug/packageDebugResources/drawable-v21/launch_background.xml","450"
"build/app/intermediates/packaged_res/debug/packageDebugResources/mipmap-hdpi-v4/ic_launcher.png","544"
"build/app/intermediates/packaged_res/debug/packageDebugResources/mipmap-mdpi-v4/ic_launcher.png","442"
"build/app/intermediates/packaged_res/debug/packageDebugResources/mipmap-xhdpi-v4/ic_launcher.png","721"
"build/app/intermediates/packaged_res/debug/packageDebugResources/mipmap-xxhdpi-v4/ic_launcher.png","1031"
"build/app/intermediates/packaged_res/debug/packageDebugResources/mipmap-xxxhdpi-v4/ic_launcher.png","1443"
"build/app/intermediates/packaged_res/debug/packageDebugResources/values-night-v8/values-night-v8.xml","413"
"build/app/intermediates/packaged_res/debug/packageDebugResources/values/values.xml","413"
"build/app/intermediates/packaged_res/profile/packageProfileResources/drawable-v21/launch_background.xml","450"
"build/app/intermediates/packaged_res/profile/packageProfileResources/mipmap-hdpi-v4/ic_launcher.png","544"
"build/app/intermediates/packaged_res/profile/packageProfileResources/mipmap-mdpi-v4/ic_launcher.png","442"
"build/app/intermediates/packaged_res/profile/packageProfileResources/mipmap-xhdpi-v4/ic_launcher.png","721"
"build/app/intermediates/packaged_res/profile/packageProfileResources/mipmap-xxhdpi-v4/ic_launcher.png","1031"
"build/app/intermediates/packaged_res/profile/packageProfileResources/mipmap-xxxhdpi-v4/ic_launcher.png","1443"
"build/app/intermediates/packaged_res/profile/packageProfileResources/values-night-v8/values-night-v8.xml","413"
"build/app/intermediates/packaged_res/profile/packageProfileResources/values/values.xml","413"
"build/app/intermediates/packaged_res/release/packageReleaseResources/drawable-v21/launch_background.xml","450"
"build/app/intermediates/packaged_res/release/packageReleaseResources/mipmap-hdpi-v4/ic_launcher.png","544"
"build/app/intermediates/packaged_res/release/packageReleaseResources/mipmap-mdpi-v4/ic_launcher.png","442"
"build/app/intermediates/packaged_res/release/packageReleaseResources/mipmap-xhdpi-v4/ic_launcher.png","721"
"build/app/intermediates/packaged_res/release/packageReleaseResources/mipmap-xxhdpi-v4/ic_launcher.png","1031"
"build/app/intermediates/packaged_res/release/packageReleaseResources/mipmap-xxxhdpi-v4/ic_launcher.png","1443"
"build/app/intermediates/packaged_res/release/packageReleaseResources/values-night-v8/values-night-v8.xml","413"
"build/app/intermediates/packaged_res/release/packageReleaseResources/values/values.xml","413"
"build/app/intermediates/project_dex_archive/debug/dexBuilderDebug/out/6a8dd4d52119728d1fbe820e72095aa3200845fe58cc4aed0105a7852ab7bb77_0.jar","879"
"build/app/intermediates/project_dex_archive/debug/dexBuilderDebug/out/6a8dd4d52119728d1fbe820e72095aa3200845fe58cc4aed0105a7852ab7bb77_1.jar","1266"
"build/app/intermediates/project_dex_archive/debug/dexBuilderDebug/out/6a8dd4d52119728d1fbe820e72095aa3200845fe58cc4aed0105a7852ab7bb77_2.jar","5375"
"build/app/intermediates/project_dex_archive/debug/dexBuilderDebug/out/6a8dd4d52119728d1fbe820e72095aa3200845fe58cc4aed0105a7852ab7bb77_3.jar","4962"
"build/app/intermediates/project_dex_archive/debug/dexBuilderDebug/out/6a8dd4d52119728d1fbe820e72095aa3200845fe58cc4aed0105a7852ab7bb77_4.jar","3632"
"build/app/intermediates/project_dex_archive/debug/dexBuilderDebug/out/6a8dd4d52119728d1fbe820e72095aa3200845fe58cc4aed0105a7852ab7bb77_5.jar","3849"
"build/app/intermediates/project_dex_archive/debug/dexBuilderDebug/out/dev/rex/spike/pbt08/MainActivity.dex","892"
"build/app/intermediates/project_dex_archive/debug/dexBuilderDebug/out/io/flutter/plugins/GeneratedPluginRegistrant.dex","1112"
"build/app/intermediates/project_dex_archive/profile/dexBuilderProfile/out/6a8dd4d52119728d1fbe820e72095aa3200845fe58cc4aed0105a7852ab7bb77_0.jar","879"
"build/app/intermediates/project_dex_archive/profile/dexBuilderProfile/out/6a8dd4d52119728d1fbe820e72095aa3200845fe58cc4aed0105a7852ab7bb77_1.jar","1266"
"build/app/intermediates/project_dex_archive/profile/dexBuilderProfile/out/6a8dd4d52119728d1fbe820e72095aa3200845fe58cc4aed0105a7852ab7bb77_2.jar","5375"
"build/app/intermediates/project_dex_archive/profile/dexBuilderProfile/out/6a8dd4d52119728d1fbe820e72095aa3200845fe58cc4aed0105a7852ab7bb77_3.jar","4962"
"build/app/intermediates/project_dex_archive/profile/dexBuilderProfile/out/6a8dd4d52119728d1fbe820e72095aa3200845fe58cc4aed0105a7852ab7bb77_4.jar","3632"
"build/app/intermediates/project_dex_archive/profile/dexBuilderProfile/out/6a8dd4d52119728d1fbe820e72095aa3200845fe58cc4aed0105a7852ab7bb77_5.jar","3849"
"build/app/intermediates/project_dex_archive/profile/dexBuilderProfile/out/dev/rex/spike/pbt08/MainActivity.dex","896"
"build/app/intermediates/project_dex_archive/profile/dexBuilderProfile/out/io/flutter/plugins/GeneratedPluginRegistrant.dex","1112"
"build/app/intermediates/r8_art_profile/release/expandReleaseArtProfileWildcards/baseline-prof.txt","65016"
"build/app/intermediates/r8_art_profile/release/minifyReleaseWithR8/baseline-prof.txt","2096"
"build/app/intermediates/r8_metadata/release/minifyReleaseWithR8/r8-metadata.dat","1514"
"build/app/intermediates/runtime_symbol_list/debug/processDebugResources/R.txt","14549"
"build/app/intermediates/runtime_symbol_list/profile/processProfileResources/R.txt","14549"
"build/app/intermediates/runtime_symbol_list/release/processReleaseResources/R.txt","14549"
"build/app/intermediates/sdk_dependency_data/release/sdkReleaseDependencyData/sdkDependencyData.pb","3168"
"build/app/intermediates/shrunk_resources_binary_format/release/convertShrunkResourcesToBinaryRelease/output-metadata.json","1150"
"build/app/intermediates/shrunk_resources_binary_format/release/convertShrunkResourcesToBinaryRelease/shrunk-resources-binary-format-arm64-v8a-release.ap_","15037"
"build/app/intermediates/shrunk_resources_binary_format/release/convertShrunkResourcesToBinaryRelease/shrunk-resources-binary-format-armeabi-v7a-release.ap_","15037"
"build/app/intermediates/shrunk_resources_binary_format/release/convertShrunkResourcesToBinaryRelease/shrunk-resources-binary-format-x86_64-release.ap_","15037"
"build/app/intermediates/shrunk_resources_proto_format/release/minifyReleaseWithR8/output-metadata.json","1146"
"build/app/intermediates/shrunk_resources_proto_format/release/minifyReleaseWithR8/shrunk-resources-proto-format-arm64-v8a-release.ap_","11578"
"build/app/intermediates/shrunk_resources_proto_format/release/minifyReleaseWithR8/shrunk-resources-proto-format-armeabi-v7a-release.ap_","11578"
"build/app/intermediates/shrunk_resources_proto_format/release/minifyReleaseWithR8/shrunk-resources-proto-format-x86_64-release.ap_","11578"
"build/app/intermediates/signing_config_versions/debug/writeDebugSigningConfigVersions/signing-config-versions.json","96"
"build/app/intermediates/signing_config_versions/profile/writeProfileSigningConfigVersions/signing-config-versions.json","96"
"build/app/intermediates/signing_config_versions/release/writeReleaseSigningConfigVersions/signing-config-versions.json","96"
"build/app/intermediates/stable_resource_ids_file/debug/processDebugResources/stableIds.txt","14218"
"build/app/intermediates/stable_resource_ids_file/profile/processProfileResources/stableIds.txt","14218"
"build/app/intermediates/stable_resource_ids_file/release/processReleaseResources/stableIds.txt","14218"
"build/app/intermediates/stripped_native_libs/debug/stripDebugDebugSymbols/out/lib/arm64-v8a/libflutter.so","38828704"
"build/app/intermediates/stripped_native_libs/debug/stripDebugDebugSymbols/out/lib/arm64-v8a/libVkLayer_khronos_validation.so","15240080"
"build/app/intermediates/stripped_native_libs/debug/stripDebugDebugSymbols/out/lib/armeabi-v7a/libflutter.so","33150308"
"build/app/intermediates/stripped_native_libs/debug/stripDebugDebugSymbols/out/lib/x86_64/libflutter.so","40083280"
"build/app/intermediates/stripped_native_libs/profile/stripProfileDebugSymbols/out/lib/arm64-v8a/libapp.so","5112712"
"build/app/intermediates/stripped_native_libs/profile/stripProfileDebugSymbols/out/lib/arm64-v8a/libflutter.so","12568184"
"build/app/intermediates/stripped_native_libs/profile/stripProfileDebugSymbols/out/lib/arm64-v8a/libvmservice_snapshot.so","1639304"
"build/app/intermediates/stripped_native_libs/profile/stripProfileDebugSymbols/out/lib/armeabi-v7a/libapp.so","5620296"
"build/app/intermediates/stripped_native_libs/profile/stripProfileDebugSymbols/out/lib/armeabi-v7a/libflutter.so","9137740"
"build/app/intermediates/stripped_native_libs/profile/stripProfileDebugSymbols/out/lib/armeabi-v7a/libvmservice_snapshot.so","1868360"
"build/app/intermediates/stripped_native_libs/profile/stripProfileDebugSymbols/out/lib/x86_64/libapp.so","5243784"
"build/app/intermediates/stripped_native_libs/profile/stripProfileDebugSymbols/out/lib/x86_64/libflutter.so","13923328"
"build/app/intermediates/stripped_native_libs/profile/stripProfileDebugSymbols/out/lib/x86_64/libvmservice_snapshot.so","1704840"
"build/app/intermediates/stripped_native_libs/release/stripReleaseDebugSymbols/out/lib/arm64-v8a/libapp.so","3277704"
"build/app/intermediates/stripped_native_libs/release/stripReleaseDebugSymbols/out/lib/arm64-v8a/libflutter.so","11747864"
"build/app/intermediates/stripped_native_libs/release/stripReleaseDebugSymbols/out/lib/armeabi-v7a/libapp.so","3588680"
"build/app/intermediates/stripped_native_libs/release/stripReleaseDebugSymbols/out/lib/armeabi-v7a/libflutter.so","8615900"
"build/app/intermediates/stripped_native_libs/release/stripReleaseDebugSymbols/out/lib/x86_64/libapp.so","3343240"
"build/app/intermediates/stripped_native_libs/release/stripReleaseDebugSymbols/out/lib/x86_64/libflutter.so","13051424"
"build/app/intermediates/symbol_list_with_package_name/debug/generateDebugRFile/package-aware-r.txt","102"
"build/app/intermediates/symbol_list_with_package_name/profile/generateProfileRFile/package-aware-r.txt","102"
"build/app/intermediates/symbol_list_with_package_name/release/generateReleaseRFile/package-aware-r.txt","102"
"build/app/intermediates/version_control_info_file/release/extractReleaseVersionControlInfo/version-control-info.textproto","46"
"build/app/kotlin/compileDebugKotlin/cacheable/caches-jvm/compilerPluginFiles/outputs-generated-for-plugins.tab","4096"
"build/app/kotlin/compileDebugKotlin/cacheable/caches-jvm/compilerPluginFiles/outputs-generated-for-plugins.tab_i.len","8"
"build/app/kotlin/compileDebugKotlin/cacheable/caches-jvm/compilerPluginFiles/outputs-generated-for-plugins.tab.keystream","4096"
"build/app/kotlin/compileDebugKotlin/cacheable/caches-jvm/compilerPluginFiles/outputs-generated-for-plugins.tab.keystream.len","8"
"build/app/kotlin/compileDebugKotlin/cacheable/caches-jvm/compilerPluginFiles/outputs-generated-for-plugins.tab.len","8"
"build/app/kotlin/compileDebugKotlin/cacheable/caches-jvm/compilerPluginFiles/outputs-generated-for-plugins.tab.values.at","55"
"build/app/kotlin/compileDebugKotlin/cacheable/caches-jvm/compilerPluginFiles/sources-referenced-by-plugins.tab","4096"
"build/app/kotlin/compileDebugKotlin/cacheable/caches-jvm/compilerPluginFiles/sources-referenced-by-plugins.tab_i.len","8"
"build/app/kotlin/compileDebugKotlin/cacheable/caches-jvm/compilerPluginFiles/sources-referenced-by-plugins.tab.keystream","4096"
"build/app/kotlin/compileDebugKotlin/cacheable/caches-jvm/compilerPluginFiles/sources-referenced-by-plugins.tab.keystream.len","8"
"build/app/kotlin/compileDebugKotlin/cacheable/caches-jvm/compilerPluginFiles/sources-referenced-by-plugins.tab.len","8"
"build/app/kotlin/compileDebugKotlin/cacheable/caches-jvm/compilerPluginFiles/sources-referenced-by-plugins.tab.values.at","55"
"build/app/kotlin/compileDebugKotlin/cacheable/caches-jvm/inputs/source-to-output.tab","4096"
"build/app/kotlin/compileDebugKotlin/cacheable/caches-jvm/inputs/source-to-output.tab_i","32768"
"build/app/kotlin/compileDebugKotlin/cacheable/caches-jvm/inputs/source-to-output.tab_i.len","8"
"build/app/kotlin/compileDebugKotlin/cacheable/caches-jvm/inputs/source-to-output.tab.keystream","4096"
"build/app/kotlin/compileDebugKotlin/cacheable/caches-jvm/inputs/source-to-output.tab.keystream.len","8"
"build/app/kotlin/compileDebugKotlin/cacheable/caches-jvm/inputs/source-to-output.tab.len","8"
"build/app/kotlin/compileDebugKotlin/cacheable/caches-jvm/inputs/source-to-output.tab.values.at","316"
"build/app/kotlin/compileDebugKotlin/cacheable/caches-jvm/jvm/kotlin/class-attributes.tab","4096"
"build/app/kotlin/compileDebugKotlin/cacheable/caches-jvm/jvm/kotlin/class-attributes.tab_i","32768"
"build/app/kotlin/compileDebugKotlin/cacheable/caches-jvm/jvm/kotlin/class-attributes.tab_i.len","8"
"build/app/kotlin/compileDebugKotlin/cacheable/caches-jvm/jvm/kotlin/class-attributes.tab.keystream","4096"
"build/app/kotlin/compileDebugKotlin/cacheable/caches-jvm/jvm/kotlin/class-attributes.tab.keystream.len","8"
"build/app/kotlin/compileDebugKotlin/cacheable/caches-jvm/jvm/kotlin/class-attributes.tab.len","8"
"build/app/kotlin/compileDebugKotlin/cacheable/caches-jvm/jvm/kotlin/class-attributes.tab.values.at","52"
"build/app/kotlin/compileDebugKotlin/cacheable/caches-jvm/jvm/kotlin/class-fq-name-to-source.tab","4096"
"build/app/kotlin/compileDebugKotlin/cacheable/caches-jvm/jvm/kotlin/class-fq-name-to-source.tab_i","32768"
"build/app/kotlin/compileDebugKotlin/cacheable/caches-jvm/jvm/kotlin/class-fq-name-to-source.tab_i.len","8"
"build/app/kotlin/compileDebugKotlin/cacheable/caches-jvm/jvm/kotlin/class-fq-name-to-source.tab.keystream","4096"
"build/app/kotlin/compileDebugKotlin/cacheable/caches-jvm/jvm/kotlin/class-fq-name-to-source.tab.keystream.len","8"
"build/app/kotlin/compileDebugKotlin/cacheable/caches-jvm/jvm/kotlin/class-fq-name-to-source.tab.len","8"
"build/app/kotlin/compileDebugKotlin/cacheable/caches-jvm/jvm/kotlin/class-fq-name-to-source.tab.values.at","165"
"build/app/kotlin/compileDebugKotlin/cacheable/caches-jvm/jvm/kotlin/internal-name-to-source.tab","4096"
"build/app/kotlin/compileDebugKotlin/cacheable/caches-jvm/jvm/kotlin/internal-name-to-source.tab_i","32768"
"build/app/kotlin/compileDebugKotlin/cacheable/caches-jvm/jvm/kotlin/internal-name-to-source.tab_i.len","8"
"build/app/kotlin/compileDebugKotlin/cacheable/caches-jvm/jvm/kotlin/internal-name-to-source.tab.keystream","4096"
"build/app/kotlin/compileDebugKotlin/cacheable/caches-jvm/jvm/kotlin/internal-name-to-source.tab.keystream.len","8"
"build/app/kotlin/compileDebugKotlin/cacheable/caches-jvm/jvm/kotlin/internal-name-to-source.tab.len","8"
"build/app/kotlin/compileDebugKotlin/cacheable/caches-jvm/jvm/kotlin/internal-name-to-source.tab.values.at","165"
"build/app/kotlin/compileDebugKotlin/cacheable/caches-jvm/jvm/kotlin/proto.tab","4096"
"build/app/kotlin/compileDebugKotlin/cacheable/caches-jvm/jvm/kotlin/proto.tab_i","32768"
"build/app/kotlin/compileDebugKotlin/cacheable/caches-jvm/jvm/kotlin/proto.tab_i.len","8"
"build/app/kotlin/compileDebugKotlin/cacheable/caches-jvm/jvm/kotlin/proto.tab.keystream","4096"
"build/app/kotlin/compileDebugKotlin/cacheable/caches-jvm/jvm/kotlin/proto.tab.keystream.len","8"
"build/app/kotlin/compileDebugKotlin/cacheable/caches-jvm/jvm/kotlin/proto.tab.len","8"
"build/app/kotlin/compileDebugKotlin/cacheable/caches-jvm/jvm/kotlin/proto.tab.values.at","242"
"build/app/kotlin/compileDebugKotlin/cacheable/caches-jvm/jvm/kotlin/source-to-classes.tab","4096"
"build/app/kotlin/compileDebugKotlin/cacheable/caches-jvm/jvm/kotlin/source-to-classes.tab_i","32768"
"build/app/kotlin/compileDebugKotlin/cacheable/caches-jvm/jvm/kotlin/source-to-classes.tab_i.len","8"
"build/app/kotlin/compileDebugKotlin/cacheable/caches-jvm/jvm/kotlin/source-to-classes.tab.keystream","4096"
"build/app/kotlin/compileDebugKotlin/cacheable/caches-jvm/jvm/kotlin/source-to-classes.tab.keystream.len","8"
"build/app/kotlin/compileDebugKotlin/cacheable/caches-jvm/jvm/kotlin/source-to-classes.tab.len","8"
"build/app/kotlin/compileDebugKotlin/cacheable/caches-jvm/jvm/kotlin/source-to-classes.tab.values.at","151"
"build/app/kotlin/compileDebugKotlin/cacheable/caches-jvm/jvm/kotlin/subtypes.tab","4096"
"build/app/kotlin/compileDebugKotlin/cacheable/caches-jvm/jvm/kotlin/subtypes.tab_i","32768"
"build/app/kotlin/compileDebugKotlin/cacheable/caches-jvm/jvm/kotlin/subtypes.tab_i.len","8"
"build/app/kotlin/compileDebugKotlin/cacheable/caches-jvm/jvm/kotlin/subtypes.tab.keystream","4096"
"build/app/kotlin/compileDebugKotlin/cacheable/caches-jvm/jvm/kotlin/subtypes.tab.keystream.len","8"
"build/app/kotlin/compileDebugKotlin/cacheable/caches-jvm/jvm/kotlin/subtypes.tab.len","8"
"build/app/kotlin/compileDebugKotlin/cacheable/caches-jvm/jvm/kotlin/subtypes.tab.values.at","84"
"build/app/kotlin/compileDebugKotlin/cacheable/caches-jvm/jvm/kotlin/supertypes.tab","4096"
"build/app/kotlin/compileDebugKotlin/cacheable/caches-jvm/jvm/kotlin/supertypes.tab_i","32768"
"build/app/kotlin/compileDebugKotlin/cacheable/caches-jvm/jvm/kotlin/supertypes.tab_i.len","8"
"build/app/kotlin/compileDebugKotlin/cacheable/caches-jvm/jvm/kotlin/supertypes.tab.keystream","4096"
"build/app/kotlin/compileDebugKotlin/cacheable/caches-jvm/jvm/kotlin/supertypes.tab.keystream.len","8"
"build/app/kotlin/compileDebugKotlin/cacheable/caches-jvm/jvm/kotlin/supertypes.tab.len","8"
"build/app/kotlin/compileDebugKotlin/cacheable/caches-jvm/jvm/kotlin/supertypes.tab.values.at","96"
"build/app/kotlin/compileDebugKotlin/cacheable/caches-jvm/lookups/counters.tab","3"
"build/app/kotlin/compileDebugKotlin/cacheable/caches-jvm/lookups/file-to-id.tab","4096"
"build/app/kotlin/compileDebugKotlin/cacheable/caches-jvm/lookups/file-to-id.tab_i","32768"
"build/app/kotlin/compileDebugKotlin/cacheable/caches-jvm/lookups/file-to-id.tab_i.len","8"
"build/app/kotlin/compileDebugKotlin/cacheable/caches-jvm/lookups/file-to-id.tab.keystream","4096"
"build/app/kotlin/compileDebugKotlin/cacheable/caches-jvm/lookups/file-to-id.tab.keystream.len","8"
"build/app/kotlin/compileDebugKotlin/cacheable/caches-jvm/lookups/file-to-id.tab.len","8"
"build/app/kotlin/compileDebugKotlin/cacheable/caches-jvm/lookups/file-to-id.tab.values.at","55"
"build/app/kotlin/compileDebugKotlin/cacheable/caches-jvm/lookups/id-to-file.tab","4096"
"build/app/kotlin/compileDebugKotlin/cacheable/caches-jvm/lookups/id-to-file.tab_i.len","8"
"build/app/kotlin/compileDebugKotlin/cacheable/caches-jvm/lookups/id-to-file.tab.keystream","4096"
"build/app/kotlin/compileDebugKotlin/cacheable/caches-jvm/lookups/id-to-file.tab.keystream.len","8"
"build/app/kotlin/compileDebugKotlin/cacheable/caches-jvm/lookups/id-to-file.tab.len","8"
"build/app/kotlin/compileDebugKotlin/cacheable/caches-jvm/lookups/id-to-file.tab.values.at","107"
"build/app/kotlin/compileDebugKotlin/cacheable/caches-jvm/lookups/lookups.tab","4096"
"build/app/kotlin/compileDebugKotlin/cacheable/caches-jvm/lookups/lookups.tab_i","32768"
"build/app/kotlin/compileDebugKotlin/cacheable/caches-jvm/lookups/lookups.tab_i.len","8"
"build/app/kotlin/compileDebugKotlin/cacheable/caches-jvm/lookups/lookups.tab.keystream","4096"
"build/app/kotlin/compileDebugKotlin/cacheable/caches-jvm/lookups/lookups.tab.keystream.len","8"
"build/app/kotlin/compileDebugKotlin/cacheable/caches-jvm/lookups/lookups.tab.len","8"
"build/app/kotlin/compileDebugKotlin/cacheable/caches-jvm/lookups/lookups.tab.values.at","67"
"build/app/kotlin/compileDebugKotlin/cacheable/last-build.bin","18"
"build/app/kotlin/compileDebugKotlin/classpath-snapshot/shrunk-classpath-snapshot.bin","3505"
"build/app/kotlin/compileProfileKotlin/cacheable/caches-jvm/compilerPluginFiles/outputs-generated-for-plugins.tab","4096"
"build/app/kotlin/compileProfileKotlin/cacheable/caches-jvm/compilerPluginFiles/outputs-generated-for-plugins.tab_i.len","8"
"build/app/kotlin/compileProfileKotlin/cacheable/caches-jvm/compilerPluginFiles/outputs-generated-for-plugins.tab.keystream","4096"
"build/app/kotlin/compileProfileKotlin/cacheable/caches-jvm/compilerPluginFiles/outputs-generated-for-plugins.tab.keystream.len","8"
"build/app/kotlin/compileProfileKotlin/cacheable/caches-jvm/compilerPluginFiles/outputs-generated-for-plugins.tab.len","8"
"build/app/kotlin/compileProfileKotlin/cacheable/caches-jvm/compilerPluginFiles/outputs-generated-for-plugins.tab.values.at","55"
"build/app/kotlin/compileProfileKotlin/cacheable/caches-jvm/compilerPluginFiles/sources-referenced-by-plugins.tab","4096"
"build/app/kotlin/compileProfileKotlin/cacheable/caches-jvm/compilerPluginFiles/sources-referenced-by-plugins.tab_i.len","8"
"build/app/kotlin/compileProfileKotlin/cacheable/caches-jvm/compilerPluginFiles/sources-referenced-by-plugins.tab.keystream","4096"
"build/app/kotlin/compileProfileKotlin/cacheable/caches-jvm/compilerPluginFiles/sources-referenced-by-plugins.tab.keystream.len","8"
"build/app/kotlin/compileProfileKotlin/cacheable/caches-jvm/compilerPluginFiles/sources-referenced-by-plugins.tab.len","8"
"build/app/kotlin/compileProfileKotlin/cacheable/caches-jvm/compilerPluginFiles/sources-referenced-by-plugins.tab.values.at","55"
"build/app/kotlin/compileProfileKotlin/cacheable/caches-jvm/inputs/source-to-output.tab","4096"
"build/app/kotlin/compileProfileKotlin/cacheable/caches-jvm/inputs/source-to-output.tab_i","32768"
"build/app/kotlin/compileProfileKotlin/cacheable/caches-jvm/inputs/source-to-output.tab_i.len","8"
"build/app/kotlin/compileProfileKotlin/cacheable/caches-jvm/inputs/source-to-output.tab.keystream","4096"
"build/app/kotlin/compileProfileKotlin/cacheable/caches-jvm/inputs/source-to-output.tab.keystream.len","8"
"build/app/kotlin/compileProfileKotlin/cacheable/caches-jvm/inputs/source-to-output.tab.len","8"
"build/app/kotlin/compileProfileKotlin/cacheable/caches-jvm/inputs/source-to-output.tab.values.at","328"
"build/app/kotlin/compileProfileKotlin/cacheable/caches-jvm/jvm/kotlin/class-attributes.tab","4096"
"build/app/kotlin/compileProfileKotlin/cacheable/caches-jvm/jvm/kotlin/class-attributes.tab_i","32768"
"build/app/kotlin/compileProfileKotlin/cacheable/caches-jvm/jvm/kotlin/class-attributes.tab_i.len","8"
"build/app/kotlin/compileProfileKotlin/cacheable/caches-jvm/jvm/kotlin/class-attributes.tab.keystream","4096"
"build/app/kotlin/compileProfileKotlin/cacheable/caches-jvm/jvm/kotlin/class-attributes.tab.keystream.len","8"
"build/app/kotlin/compileProfileKotlin/cacheable/caches-jvm/jvm/kotlin/class-attributes.tab.len","8"
"build/app/kotlin/compileProfileKotlin/cacheable/caches-jvm/jvm/kotlin/class-attributes.tab.values.at","52"
"build/app/kotlin/compileProfileKotlin/cacheable/caches-jvm/jvm/kotlin/class-fq-name-to-source.tab","4096"
"build/app/kotlin/compileProfileKotlin/cacheable/caches-jvm/jvm/kotlin/class-fq-name-to-source.tab_i","32768"
"build/app/kotlin/compileProfileKotlin/cacheable/caches-jvm/jvm/kotlin/class-fq-name-to-source.tab_i.len","8"
"build/app/kotlin/compileProfileKotlin/cacheable/caches-jvm/jvm/kotlin/class-fq-name-to-source.tab.keystream","4096"
"build/app/kotlin/compileProfileKotlin/cacheable/caches-jvm/jvm/kotlin/class-fq-name-to-source.tab.keystream.len","8"
"build/app/kotlin/compileProfileKotlin/cacheable/caches-jvm/jvm/kotlin/class-fq-name-to-source.tab.len","8"
"build/app/kotlin/compileProfileKotlin/cacheable/caches-jvm/jvm/kotlin/class-fq-name-to-source.tab.values.at","165"
"build/app/kotlin/compileProfileKotlin/cacheable/caches-jvm/jvm/kotlin/internal-name-to-source.tab","4096"
"build/app/kotlin/compileProfileKotlin/cacheable/caches-jvm/jvm/kotlin/internal-name-to-source.tab_i","32768"
"build/app/kotlin/compileProfileKotlin/cacheable/caches-jvm/jvm/kotlin/internal-name-to-source.tab_i.len","8"
"build/app/kotlin/compileProfileKotlin/cacheable/caches-jvm/jvm/kotlin/internal-name-to-source.tab.keystream","4096"
"build/app/kotlin/compileProfileKotlin/cacheable/caches-jvm/jvm/kotlin/internal-name-to-source.tab.keystream.len","8"
"build/app/kotlin/compileProfileKotlin/cacheable/caches-jvm/jvm/kotlin/internal-name-to-source.tab.len","8"
"build/app/kotlin/compileProfileKotlin/cacheable/caches-jvm/jvm/kotlin/internal-name-to-source.tab.values.at","165"
"build/app/kotlin/compileProfileKotlin/cacheable/caches-jvm/jvm/kotlin/proto.tab","4096"
"build/app/kotlin/compileProfileKotlin/cacheable/caches-jvm/jvm/kotlin/proto.tab_i","32768"
"build/app/kotlin/compileProfileKotlin/cacheable/caches-jvm/jvm/kotlin/proto.tab_i.len","8"
"build/app/kotlin/compileProfileKotlin/cacheable/caches-jvm/jvm/kotlin/proto.tab.keystream","4096"
"build/app/kotlin/compileProfileKotlin/cacheable/caches-jvm/jvm/kotlin/proto.tab.keystream.len","8"
"build/app/kotlin/compileProfileKotlin/cacheable/caches-jvm/jvm/kotlin/proto.tab.len","8"
"build/app/kotlin/compileProfileKotlin/cacheable/caches-jvm/jvm/kotlin/proto.tab.values.at","244"
"build/app/kotlin/compileProfileKotlin/cacheable/caches-jvm/jvm/kotlin/source-to-classes.tab","4096"
"build/app/kotlin/compileProfileKotlin/cacheable/caches-jvm/jvm/kotlin/source-to-classes.tab_i","32768"
"build/app/kotlin/compileProfileKotlin/cacheable/caches-jvm/jvm/kotlin/source-to-classes.tab_i.len","8"
"build/app/kotlin/compileProfileKotlin/cacheable/caches-jvm/jvm/kotlin/source-to-classes.tab.keystream","4096"
"build/app/kotlin/compileProfileKotlin/cacheable/caches-jvm/jvm/kotlin/source-to-classes.tab.keystream.len","8"
"build/app/kotlin/compileProfileKotlin/cacheable/caches-jvm/jvm/kotlin/source-to-classes.tab.len","8"
"build/app/kotlin/compileProfileKotlin/cacheable/caches-jvm/jvm/kotlin/source-to-classes.tab.values.at","151"
"build/app/kotlin/compileProfileKotlin/cacheable/caches-jvm/jvm/kotlin/subtypes.tab","4096"
"build/app/kotlin/compileProfileKotlin/cacheable/caches-jvm/jvm/kotlin/subtypes.tab_i","32768"
"build/app/kotlin/compileProfileKotlin/cacheable/caches-jvm/jvm/kotlin/subtypes.tab_i.len","8"
"build/app/kotlin/compileProfileKotlin/cacheable/caches-jvm/jvm/kotlin/subtypes.tab.keystream","4096"
"build/app/kotlin/compileProfileKotlin/cacheable/caches-jvm/jvm/kotlin/subtypes.tab.keystream.len","8"
"build/app/kotlin/compileProfileKotlin/cacheable/caches-jvm/jvm/kotlin/subtypes.tab.len","8"
"build/app/kotlin/compileProfileKotlin/cacheable/caches-jvm/jvm/kotlin/subtypes.tab.values.at","84"
"build/app/kotlin/compileProfileKotlin/cacheable/caches-jvm/jvm/kotlin/supertypes.tab","4096"
"build/app/kotlin/compileProfileKotlin/cacheable/caches-jvm/jvm/kotlin/supertypes.tab_i","32768"
"build/app/kotlin/compileProfileKotlin/cacheable/caches-jvm/jvm/kotlin/supertypes.tab_i.len","8"
"build/app/kotlin/compileProfileKotlin/cacheable/caches-jvm/jvm/kotlin/supertypes.tab.keystream","4096"
"build/app/kotlin/compileProfileKotlin/cacheable/caches-jvm/jvm/kotlin/supertypes.tab.keystream.len","8"
"build/app/kotlin/compileProfileKotlin/cacheable/caches-jvm/jvm/kotlin/supertypes.tab.len","8"
"build/app/kotlin/compileProfileKotlin/cacheable/caches-jvm/jvm/kotlin/supertypes.tab.values.at","96"
"build/app/kotlin/compileProfileKotlin/cacheable/caches-jvm/lookups/counters.tab","3"
"build/app/kotlin/compileProfileKotlin/cacheable/caches-jvm/lookups/file-to-id.tab","4096"
"build/app/kotlin/compileProfileKotlin/cacheable/caches-jvm/lookups/file-to-id.tab_i","32768"
"build/app/kotlin/compileProfileKotlin/cacheable/caches-jvm/lookups/file-to-id.tab_i.len","8"
"build/app/kotlin/compileProfileKotlin/cacheable/caches-jvm/lookups/file-to-id.tab.keystream","4096"
"build/app/kotlin/compileProfileKotlin/cacheable/caches-jvm/lookups/file-to-id.tab.keystream.len","8"
"build/app/kotlin/compileProfileKotlin/cacheable/caches-jvm/lookups/file-to-id.tab.len","8"
"build/app/kotlin/compileProfileKotlin/cacheable/caches-jvm/lookups/file-to-id.tab.values.at","55"
"build/app/kotlin/compileProfileKotlin/cacheable/caches-jvm/lookups/id-to-file.tab","4096"
"build/app/kotlin/compileProfileKotlin/cacheable/caches-jvm/lookups/id-to-file.tab_i.len","8"
"build/app/kotlin/compileProfileKotlin/cacheable/caches-jvm/lookups/id-to-file.tab.keystream","4096"
"build/app/kotlin/compileProfileKotlin/cacheable/caches-jvm/lookups/id-to-file.tab.keystream.len","8"
"build/app/kotlin/compileProfileKotlin/cacheable/caches-jvm/lookups/id-to-file.tab.len","8"
"build/app/kotlin/compileProfileKotlin/cacheable/caches-jvm/lookups/id-to-file.tab.values.at","107"
"build/app/kotlin/compileProfileKotlin/cacheable/caches-jvm/lookups/lookups.tab","4096"
"build/app/kotlin/compileProfileKotlin/cacheable/caches-jvm/lookups/lookups.tab_i","32768"
"build/app/kotlin/compileProfileKotlin/cacheable/caches-jvm/lookups/lookups.tab_i.len","8"
"build/app/kotlin/compileProfileKotlin/cacheable/caches-jvm/lookups/lookups.tab.keystream","4096"
"build/app/kotlin/compileProfileKotlin/cacheable/caches-jvm/lookups/lookups.tab.keystream.len","8"
"build/app/kotlin/compileProfileKotlin/cacheable/caches-jvm/lookups/lookups.tab.len","8"
"build/app/kotlin/compileProfileKotlin/cacheable/caches-jvm/lookups/lookups.tab.values.at","67"
"build/app/kotlin/compileProfileKotlin/cacheable/last-build.bin","18"
"build/app/kotlin/compileProfileKotlin/classpath-snapshot/shrunk-classpath-snapshot.bin","3505"
"build/app/kotlin/compileReleaseKotlin/cacheable/caches-jvm/compilerPluginFiles/outputs-generated-for-plugins.tab","4096"
"build/app/kotlin/compileReleaseKotlin/cacheable/caches-jvm/compilerPluginFiles/outputs-generated-for-plugins.tab_i.len","8"
"build/app/kotlin/compileReleaseKotlin/cacheable/caches-jvm/compilerPluginFiles/outputs-generated-for-plugins.tab.keystream","4096"
"build/app/kotlin/compileReleaseKotlin/cacheable/caches-jvm/compilerPluginFiles/outputs-generated-for-plugins.tab.keystream.len","8"
"build/app/kotlin/compileReleaseKotlin/cacheable/caches-jvm/compilerPluginFiles/outputs-generated-for-plugins.tab.len","8"
"build/app/kotlin/compileReleaseKotlin/cacheable/caches-jvm/compilerPluginFiles/outputs-generated-for-plugins.tab.values.at","55"
"build/app/kotlin/compileReleaseKotlin/cacheable/caches-jvm/compilerPluginFiles/sources-referenced-by-plugins.tab","4096"
"build/app/kotlin/compileReleaseKotlin/cacheable/caches-jvm/compilerPluginFiles/sources-referenced-by-plugins.tab_i.len","8"
"build/app/kotlin/compileReleaseKotlin/cacheable/caches-jvm/compilerPluginFiles/sources-referenced-by-plugins.tab.keystream","4096"
"build/app/kotlin/compileReleaseKotlin/cacheable/caches-jvm/compilerPluginFiles/sources-referenced-by-plugins.tab.keystream.len","8"
"build/app/kotlin/compileReleaseKotlin/cacheable/caches-jvm/compilerPluginFiles/sources-referenced-by-plugins.tab.len","8"
"build/app/kotlin/compileReleaseKotlin/cacheable/caches-jvm/compilerPluginFiles/sources-referenced-by-plugins.tab.values.at","55"
"build/app/kotlin/compileReleaseKotlin/cacheable/caches-jvm/inputs/source-to-output.tab","4096"
"build/app/kotlin/compileReleaseKotlin/cacheable/caches-jvm/inputs/source-to-output.tab_i","32768"
"build/app/kotlin/compileReleaseKotlin/cacheable/caches-jvm/inputs/source-to-output.tab_i.len","8"
"build/app/kotlin/compileReleaseKotlin/cacheable/caches-jvm/inputs/source-to-output.tab.keystream","4096"
"build/app/kotlin/compileReleaseKotlin/cacheable/caches-jvm/inputs/source-to-output.tab.keystream.len","8"
"build/app/kotlin/compileReleaseKotlin/cacheable/caches-jvm/inputs/source-to-output.tab.len","8"
"build/app/kotlin/compileReleaseKotlin/cacheable/caches-jvm/inputs/source-to-output.tab.values.at","328"
"build/app/kotlin/compileReleaseKotlin/cacheable/caches-jvm/jvm/kotlin/class-attributes.tab","4096"
"build/app/kotlin/compileReleaseKotlin/cacheable/caches-jvm/jvm/kotlin/class-attributes.tab_i","32768"
"build/app/kotlin/compileReleaseKotlin/cacheable/caches-jvm/jvm/kotlin/class-attributes.tab_i.len","8"
"build/app/kotlin/compileReleaseKotlin/cacheable/caches-jvm/jvm/kotlin/class-attributes.tab.keystream","4096"
"build/app/kotlin/compileReleaseKotlin/cacheable/caches-jvm/jvm/kotlin/class-attributes.tab.keystream.len","8"
"build/app/kotlin/compileReleaseKotlin/cacheable/caches-jvm/jvm/kotlin/class-attributes.tab.len","8"
"build/app/kotlin/compileReleaseKotlin/cacheable/caches-jvm/jvm/kotlin/class-attributes.tab.values.at","52"
"build/app/kotlin/compileReleaseKotlin/cacheable/caches-jvm/jvm/kotlin/class-fq-name-to-source.tab","4096"
"build/app/kotlin/compileReleaseKotlin/cacheable/caches-jvm/jvm/kotlin/class-fq-name-to-source.tab_i","32768"
"build/app/kotlin/compileReleaseKotlin/cacheable/caches-jvm/jvm/kotlin/class-fq-name-to-source.tab_i.len","8"
"build/app/kotlin/compileReleaseKotlin/cacheable/caches-jvm/jvm/kotlin/class-fq-name-to-source.tab.keystream","4096"
"build/app/kotlin/compileReleaseKotlin/cacheable/caches-jvm/jvm/kotlin/class-fq-name-to-source.tab.keystream.len","8"
"build/app/kotlin/compileReleaseKotlin/cacheable/caches-jvm/jvm/kotlin/class-fq-name-to-source.tab.len","8"
"build/app/kotlin/compileReleaseKotlin/cacheable/caches-jvm/jvm/kotlin/class-fq-name-to-source.tab.values.at","165"
"build/app/kotlin/compileReleaseKotlin/cacheable/caches-jvm/jvm/kotlin/internal-name-to-source.tab","4096"
"build/app/kotlin/compileReleaseKotlin/cacheable/caches-jvm/jvm/kotlin/internal-name-to-source.tab_i","32768"
"build/app/kotlin/compileReleaseKotlin/cacheable/caches-jvm/jvm/kotlin/internal-name-to-source.tab_i.len","8"
"build/app/kotlin/compileReleaseKotlin/cacheable/caches-jvm/jvm/kotlin/internal-name-to-source.tab.keystream","4096"
"build/app/kotlin/compileReleaseKotlin/cacheable/caches-jvm/jvm/kotlin/internal-name-to-source.tab.keystream.len","8"
"build/app/kotlin/compileReleaseKotlin/cacheable/caches-jvm/jvm/kotlin/internal-name-to-source.tab.len","8"
"build/app/kotlin/compileReleaseKotlin/cacheable/caches-jvm/jvm/kotlin/internal-name-to-source.tab.values.at","165"
"build/app/kotlin/compileReleaseKotlin/cacheable/caches-jvm/jvm/kotlin/proto.tab","4096"
"build/app/kotlin/compileReleaseKotlin/cacheable/caches-jvm/jvm/kotlin/proto.tab_i","32768"
"build/app/kotlin/compileReleaseKotlin/cacheable/caches-jvm/jvm/kotlin/proto.tab_i.len","8"
"build/app/kotlin/compileReleaseKotlin/cacheable/caches-jvm/jvm/kotlin/proto.tab.keystream","4096"
"build/app/kotlin/compileReleaseKotlin/cacheable/caches-jvm/jvm/kotlin/proto.tab.keystream.len","8"
"build/app/kotlin/compileReleaseKotlin/cacheable/caches-jvm/jvm/kotlin/proto.tab.len","8"
"build/app/kotlin/compileReleaseKotlin/cacheable/caches-jvm/jvm/kotlin/proto.tab.values.at","244"
"build/app/kotlin/compileReleaseKotlin/cacheable/caches-jvm/jvm/kotlin/source-to-classes.tab","4096"
"build/app/kotlin/compileReleaseKotlin/cacheable/caches-jvm/jvm/kotlin/source-to-classes.tab_i","32768"
"build/app/kotlin/compileReleaseKotlin/cacheable/caches-jvm/jvm/kotlin/source-to-classes.tab_i.len","8"
"build/app/kotlin/compileReleaseKotlin/cacheable/caches-jvm/jvm/kotlin/source-to-classes.tab.keystream","4096"
"build/app/kotlin/compileReleaseKotlin/cacheable/caches-jvm/jvm/kotlin/source-to-classes.tab.keystream.len","8"
"build/app/kotlin/compileReleaseKotlin/cacheable/caches-jvm/jvm/kotlin/source-to-classes.tab.len","8"
"build/app/kotlin/compileReleaseKotlin/cacheable/caches-jvm/jvm/kotlin/source-to-classes.tab.values.at","151"
"build/app/kotlin/compileReleaseKotlin/cacheable/caches-jvm/jvm/kotlin/subtypes.tab","4096"
"build/app/kotlin/compileReleaseKotlin/cacheable/caches-jvm/jvm/kotlin/subtypes.tab_i","32768"
"build/app/kotlin/compileReleaseKotlin/cacheable/caches-jvm/jvm/kotlin/subtypes.tab_i.len","8"
"build/app/kotlin/compileReleaseKotlin/cacheable/caches-jvm/jvm/kotlin/subtypes.tab.keystream","4096"
"build/app/kotlin/compileReleaseKotlin/cacheable/caches-jvm/jvm/kotlin/subtypes.tab.keystream.len","8"
"build/app/kotlin/compileReleaseKotlin/cacheable/caches-jvm/jvm/kotlin/subtypes.tab.len","8"
"build/app/kotlin/compileReleaseKotlin/cacheable/caches-jvm/jvm/kotlin/subtypes.tab.values.at","84"
"build/app/kotlin/compileReleaseKotlin/cacheable/caches-jvm/jvm/kotlin/supertypes.tab","4096"
"build/app/kotlin/compileReleaseKotlin/cacheable/caches-jvm/jvm/kotlin/supertypes.tab_i","32768"
"build/app/kotlin/compileReleaseKotlin/cacheable/caches-jvm/jvm/kotlin/supertypes.tab_i.len","8"
"build/app/kotlin/compileReleaseKotlin/cacheable/caches-jvm/jvm/kotlin/supertypes.tab.keystream","4096"
"build/app/kotlin/compileReleaseKotlin/cacheable/caches-jvm/jvm/kotlin/supertypes.tab.keystream.len","8"
"build/app/kotlin/compileReleaseKotlin/cacheable/caches-jvm/jvm/kotlin/supertypes.tab.len","8"
"build/app/kotlin/compileReleaseKotlin/cacheable/caches-jvm/jvm/kotlin/supertypes.tab.values.at","96"
"build/app/kotlin/compileReleaseKotlin/cacheable/caches-jvm/lookups/counters.tab","3"
"build/app/kotlin/compileReleaseKotlin/cacheable/caches-jvm/lookups/file-to-id.tab","4096"
"build/app/kotlin/compileReleaseKotlin/cacheable/caches-jvm/lookups/file-to-id.tab_i","32768"
"build/app/kotlin/compileReleaseKotlin/cacheable/caches-jvm/lookups/file-to-id.tab_i.len","8"
"build/app/kotlin/compileReleaseKotlin/cacheable/caches-jvm/lookups/file-to-id.tab.keystream","4096"
"build/app/kotlin/compileReleaseKotlin/cacheable/caches-jvm/lookups/file-to-id.tab.keystream.len","8"
"build/app/kotlin/compileReleaseKotlin/cacheable/caches-jvm/lookups/file-to-id.tab.len","8"
"build/app/kotlin/compileReleaseKotlin/cacheable/caches-jvm/lookups/file-to-id.tab.values.at","55"
"build/app/kotlin/compileReleaseKotlin/cacheable/caches-jvm/lookups/id-to-file.tab","4096"
"build/app/kotlin/compileReleaseKotlin/cacheable/caches-jvm/lookups/id-to-file.tab_i.len","8"
"build/app/kotlin/compileReleaseKotlin/cacheable/caches-jvm/lookups/id-to-file.tab.keystream","4096"
"build/app/kotlin/compileReleaseKotlin/cacheable/caches-jvm/lookups/id-to-file.tab.keystream.len","8"
"build/app/kotlin/compileReleaseKotlin/cacheable/caches-jvm/lookups/id-to-file.tab.len","8"
"build/app/kotlin/compileReleaseKotlin/cacheable/caches-jvm/lookups/id-to-file.tab.values.at","107"
"build/app/kotlin/compileReleaseKotlin/cacheable/caches-jvm/lookups/lookups.tab","4096"
"build/app/kotlin/compileReleaseKotlin/cacheable/caches-jvm/lookups/lookups.tab_i","32768"
"build/app/kotlin/compileReleaseKotlin/cacheable/caches-jvm/lookups/lookups.tab_i.len","8"
"build/app/kotlin/compileReleaseKotlin/cacheable/caches-jvm/lookups/lookups.tab.keystream","4096"
"build/app/kotlin/compileReleaseKotlin/cacheable/caches-jvm/lookups/lookups.tab.keystream.len","8"
"build/app/kotlin/compileReleaseKotlin/cacheable/caches-jvm/lookups/lookups.tab.len","8"
"build/app/kotlin/compileReleaseKotlin/cacheable/caches-jvm/lookups/lookups.tab.values.at","67"
"build/app/kotlin/compileReleaseKotlin/cacheable/last-build.bin","18"
"build/app/kotlin/compileReleaseKotlin/classpath-snapshot/shrunk-classpath-snapshot.bin","3505"
"build/app/kotlinToolingMetadata/kotlin-tooling-metadata.json","625"
"build/app/outputs/apk/debug/app-debug.apk","150383226"
"build/app/outputs/apk/debug/output-metadata.json","403"
"build/app/outputs/apk/profile/app-profile.apk","59998959"
"build/app/outputs/apk/profile/output-metadata.json","407"
"build/app/outputs/apk/release/app-arm64-v8a-release.apk","15436992"
"build/app/outputs/apk/release/app-armeabi-v7a-release.apk","12616328"
"build/app/outputs/apk/release/app-x86_64-release.apk","16806082"
"build/app/outputs/apk/release/baselineProfiles/0/app-arm64-v8a-release.dm","624"
"build/app/outputs/apk/release/baselineProfiles/0/app-armeabi-v7a-release.dm","624"
"build/app/outputs/apk/release/baselineProfiles/0/app-x86_64-release.dm","624"
"build/app/outputs/apk/release/baselineProfiles/1/app-arm64-v8a-release.dm","563"
"build/app/outputs/apk/release/baselineProfiles/1/app-armeabi-v7a-release.dm","563"
"build/app/outputs/apk/release/baselineProfiles/1/app-x86_64-release.dm","563"
"build/app/outputs/apk/release/output-metadata.json","1614"
"build/app/outputs/flutter-apk/app-arm64-v8a-release.apk","15436992"
"build/app/outputs/flutter-apk/app-arm64-v8a-release.apk.sha1","40"
"build/app/outputs/flutter-apk/app-armeabi-v7a-release.apk","12616328"
"build/app/outputs/flutter-apk/app-armeabi-v7a-release.apk.sha1","40"
"build/app/outputs/flutter-apk/app-debug.apk","150383226"
"build/app/outputs/flutter-apk/app-debug.apk.sha1","40"
"build/app/outputs/flutter-apk/app-profile.apk","59998959"
"build/app/outputs/flutter-apk/app-profile.apk.sha1","40"
"build/app/outputs/flutter-apk/app-release.apk","44085726"
"build/app/outputs/flutter-apk/app-release.apk.sha1","40"
"build/app/outputs/flutter-apk/app-x86_64-release.apk","16806082"
"build/app/outputs/flutter-apk/app-x86_64-release.apk.sha1","40"
"build/app/outputs/logs/manifest-merger-debug-report.txt","34402"
"build/app/outputs/logs/manifest-merger-profile-report.txt","34432"
"build/app/outputs/logs/manifest-merger-release-report.txt","37240"
"build/app/outputs/mapping/release/configuration.txt","20190"
"build/app/outputs/mapping/release/mapping.prt","527391"
"build/app/outputs/mapping/release/mapping.txt","3866182"
"build/app/outputs/mapping/release/resources.txt","12427"
"build/app/outputs/mapping/release/seeds.txt","82741"
"build/app/outputs/mapping/release/usage.txt","965323"
"build/app/outputs/native-debug-symbols/release/native-debug-symbols.zip","23643962"
"build/app/outputs/sdk-dependencies/release/sdkDependencies.txt","20642"
"build/app/reports/resources_config_map_file/release/resources.cfg","304"
"build/app/tmp/compileDebugJavaWithJavac/previous-compilation-data.bin","53626"
"build/app/tmp/compileProfileJavaWithJavac/previous-compilation-data.bin","53626"
"build/app/tmp/compileReleaseJavaWithJavac/previous-compilation-data.bin","53626"
"build/app/tmp/kotlin-classes/debug/dev/rex/spike/pbt08/MainActivity.class","596"
"build/app/tmp/kotlin-classes/debug/META-INF/android_app_debug.kotlin_module","24"
"build/app/tmp/kotlin-classes/profile/dev/rex/spike/pbt08/MainActivity.class","598"
"build/app/tmp/kotlin-classes/profile/META-INF/android_app_profile.kotlin_module","24"
"build/app/tmp/kotlin-classes/release/dev/rex/spike/pbt08/MainActivity.class","598"
"build/app/tmp/kotlin-classes/release/META-INF/android_app_release.kotlin_module","24"
"build/native_assets/windows/native_assets.json","45"
"build/pbt08-animation.png","2777974"
"build/pbt08-profile.png","2776800"
"build/pbt08-runtime.png","2778733"
"build/reports/problems/problems-report.html","133112"
"build/rex-exec-004/build-results.json","2225"
"build/rex-exec-004/cold-start-samples.json","385"
"build/rex-exec-004/collect-frames.cjs","2951"
"build/rex-exec-004/debug.log","728"
"build/rex-exec-004/flutter-frames-summary.json","269"
"build/rex-exec-004/flutter-frames.jsonl","19211"
"build/rex-exec-004/profile.log","6292"
"build/rex-exec-004/release-split.log","900"
"build/rex-exec-004/release.log","6504"
"build/rex-exec-004/vm-service-url.txt","35"
"build/test_cache/build/5b8bb6148a50b00e91de20617b9a62b2.cache.dill.track.dill","48602680"
"build/unit_test_assets/AssetManifest.bin","2"
"build/unit_test_assets/FontManifest.json","82"
"build/unit_test_assets/fonts/MaterialIcons-Regular.otf","1645184"
"build/unit_test_assets/NativeAssetsManifest.json","45"
"build/unit_test_assets/NOTICES.Z","98082"
"build/unit_test_assets/shaders/ink_sparkle.frag","13472"
"build/unit_test_assets/shaders/stretch_effect.frag","9464"
"lib/main.dart","1209"
"lib/pbt08/pbt08_screen.dart","5882"
"lib/pbt08/widgets/rex_card.dart","2392"
"lib/pbt08/widgets/rex_hand.dart","1424"
"lib/pbt08/widgets/rex_player_seat.dart","1333"
"lib/pbt08/widgets/rex_table.dart","3606"
"PBT08_PERFORMANCE_REPORT.md","6286"
"pbt08.iml","859"
"pubspec.lock","5382"
"pubspec.yaml","295"
"README.md","11838"
"test/pbt08_widget_test.dart","3446"
"EXECUTION_FILE_INVENTORY.csv","SELF"
